timestamp,total_attacks,attack_types,benign_count,messages_processed
2026-04-14T16:10:24.249562,1,{'Benign': 1},1,1
2026-04-14T16:10:25.397838,7,{'Benign': 7},7,7
2026-04-14T16:10:26.625628,14,{'Benign': 14},14,14
2026-04-14T16:10:27.755034,20,{'Benign': 20},20,20
2026-04-14T16:10:28.890052,28,{'Benign': 28},28,28
2026-04-14T16:10:30.032748,34,{'Benign': 34},34,34
2026-04-14T16:10:31.176757,41,{'Benign': 41},41,41
2026-04-14T16:10:32.364380,48,{'Benign': 48},48,48
2026-04-14T16:10:33.551838,56,{'Benign': 56},56,56
2026-04-14T16:10:34.681844,61,{'Benign': 61},61,61
2026-04-14T16:10:35.817520,68,{'Benign': 68},68,68
2026-04-14T16:10:36.948996,76,{'Benign': 76},76,76
2026-04-14T16:10:38.079485,83,{'Benign': 83},83,83
2026-04-14T16:10:39.212475,91,{'Benign': 91},91,91
2026-04-14T16:10:40.354356,99,{'Benign': 99},99,99
2026-04-14T16:10:41.501174,104,{'Benign': 104},104,104
2026-04-14T16:10:42.643557,111,{'Benign': 111},111,111
2026-04-14T16:10:43.786322,119,{'Benign': 119},119,119
2026-04-14T16:10:44.923827,126,{'Benign': 126},126,126
2026-04-14T16:10:46.061501,133,{'Benign': 133},133,133
2026-04-14T16:10:47.199125,141,{'Benign': 141},141,141
2026-04-14T16:10:48.604406,144,{'Benign': 144},144,144
2026-04-14T16:10:49.736056,151,{'Benign': 151},151,151
2026-04-14T16:10:50.882872,160,{'Benign': 160},160,160
2026-04-14T16:10:52.023396,167,{'Benign': 167},167,167
2026-04-14T16:10:53.170021,174,{'Benign': 174},174,174
2026-04-14T16:10:54.304811,180,{'Benign': 180},180,180
2026-04-14T16:10:55.876349,185,{'Benign': 185},185,185
2026-04-14T16:10:57.001731,190,{'Benign': 190},190,190
2026-04-14T16:10:58.149190,196,{'Benign': 196},196,196
2026-04-14T16:10:59.295455,202,{'Benign': 202},202,202
2026-04-14T16:11:00.429613,210,{'Benign': 210},210,210
2026-04-14T16:11:01.568314,218,{'Benign': 218},218,218
2026-04-14T16:11:02.708162,226,{'Benign': 226},226,226
2026-04-14T16:11:03.840365,233,{'Benign': 233},233,233
2026-04-14T16:11:04.967309,241,{'Benign': 241},241,241
2026-04-14T16:11:06.097479,248,{'Benign': 248},248,248
2026-04-14T16:11:07.228289,255,{'Benign': 255},255,255
2026-04-14T16:11:08.360257,264,{'Benign': 264},264,264
2026-04-14T16:11:09.518632,271,{'Benign': 271},271,271
2026-04-14T16:11:10.648124,279,{'Benign': 279},279,279
2026-04-14T16:11:11.783623,287,{'Benign': 287},287,287
2026-04-14T16:11:12.945956,294,{'Benign': 294},294,294
2026-04-14T16:11:14.086960,301,{'Benign': 301},301,301
2026-04-14T16:11:15.230377,309,{'Benign': 309},309,309
2026-04-14T16:11:16.367778,316,{'Benign': 316},316,316
2026-04-14T16:11:17.520378,324,{'Benign': 324},324,324
2026-04-14T16:11:18.661092,332,{'Benign': 332},332,332
2026-04-14T16:11:19.801574,340,{'Benign': 340},340,340
2026-04-14T16:11:20.937874,346,{'Benign': 346},346,346
2026-04-14T16:11:22.071292,354,{'Benign': 354},354,354
2026-04-14T16:11:23.202426,361,{'Benign': 361},361,361
2026-04-14T16:11:24.336440,369,{'Benign': 369},369,369
2026-04-14T16:11:25.473103,376,{'Benign': 376},376,376
2026-04-14T16:11:26.614387,383,{'Benign': 383},383,383
2026-04-14T16:11:27.749041,391,{'Benign': 391},391,391
2026-04-14T16:11:28.887264,399,{'Benign': 399},399,399
2026-04-14T16:11:30.018079,406,{'Benign': 406},406,406
2026-04-14T16:11:31.151958,414,{'Benign': 414},414,414
2026-04-14T16:11:32.300596,420,{'Benign': 420},420,420
2026-04-14T16:11:33.447897,427,{'Benign': 427},427,427
2026-04-14T16:11:34.582076,442,{'Benign': 442},442,442
2026-04-14T16:11:35.713019,457,{'Benign': 457},457,457
2026-04-14T16:11:36.838374,474,{'Benign': 474},474,474
2026-04-14T16:11:37.957322,492,{'Benign': 492},492,492
2026-04-14T16:11:39.077420,508,{'Benign': 508},508,508
2026-04-14T16:11:40.209553,524,{'Benign': 524},524,524
2026-04-14T16:11:41.337736,540,"{'Benign': 539, 'Bot': 1}",539,540
2026-04-14T16:11:42.493572,554,"{'Benign': 553, 'Bot': 1}",553,554
2026-04-14T16:11:43.610829,569,"{'Benign': 568, 'Bot': 1}",568,569
2026-04-14T16:11:44.799107,587,"{'Benign': 586, 'Bot': 1}",586,587
2026-04-14T16:11:45.925255,602,"{'Benign': 601, 'Bot': 1}",601,602
2026-04-14T16:11:47.048188,619,"{'Benign': 618, 'Bot': 1}",618,619
2026-04-14T16:11:48.170678,635,"{'Benign': 634, 'Bot': 1}",634,635
2026-04-14T16:11:49.300062,644,"{'Benign': 643, 'Bot': 1}",643,644
2026-04-14T16:11:50.437430,651,"{'Benign': 650, 'Bot': 1}",650,651
2026-04-14T16:11:51.573796,659,"{'Benign': 658, 'Bot': 1}",658,659
2026-04-14T16:11:52.719058,664,"{'Benign': 663, 'Bot': 1}",663,664
2026-04-14T16:11:53.841198,671,"{'Benign': 670, 'Bot': 1}",670,671
2026-04-14T16:11:54.964870,678,"{'Benign': 677, 'Bot': 1}",677,678
2026-04-14T16:11:56.107184,685,"{'Benign': 684, 'Bot': 1}",684,685
2026-04-14T16:11:57.244739,691,"{'Benign': 690, 'Bot': 1}",690,691
2026-04-14T16:11:58.390810,700,"{'Benign': 699, 'Bot': 1}",699,700
2026-04-14T16:11:59.533567,707,"{'Benign': 706, 'Bot': 1}",706,707
2026-04-14T16:12:00.697317,711,"{'Benign': 710, 'Bot': 1}",710,711
2026-04-14T16:12:01.835887,718,"{'Benign': 717, 'Bot': 1}",717,718
2026-04-14T16:12:02.972055,724,"{'Benign': 723, 'Bot': 1}",723,724
2026-04-14T16:12:04.158829,728,"{'Benign': 727, 'Bot': 1}",727,728
2026-04-14T16:12:05.291776,734,"{'Benign': 733, 'Bot': 1}",733,734
2026-04-14T16:12:06.432980,741,"{'Benign': 739, 'Bot': 2}",739,741
2026-04-14T16:12:07.573687,748,"{'Benign': 746, 'Bot': 2}",746,748
2026-04-14T16:12:08.714975,755,"{'Benign': 753, 'Bot': 2}",753,755
2026-04-14T16:12:09.870574,763,"{'Benign': 761, 'Bot': 2}",761,763
2026-04-14T16:12:11.009866,771,"{'Benign': 769, 'Bot': 2}",769,771
2026-04-14T16:12:12.142922,778,"{'Benign': 776, 'Bot': 2}",776,778
2026-04-14T16:12:13.274346,786,"{'Benign': 784, 'Bot': 2}",784,786
2026-04-14T16:12:14.488189,792,"{'Benign': 789, 'Bot': 3}",789,792
2026-04-14T16:12:15.620924,800,"{'Benign': 797, 'Bot': 3}",797,800
2026-04-14T16:12:16.756461,807,"{'Benign': 804, 'Bot': 3}",804,807
2026-04-14T16:12:17.903531,815,"{'Benign': 812, 'Bot': 3}",812,815
2026-04-14T16:12:19.020468,823,"{'Benign': 820, 'Bot': 3}",820,823
2026-04-14T16:12:20.176063,830,"{'Benign': 827, 'Bot': 3}",827,830
2026-04-14T16:12:21.383733,837,"{'Benign': 834, 'Bot': 3}",834,837
2026-04-14T16:12:22.527876,845,"{'Benign': 842, 'Bot': 3}",842,845
2026-04-14T16:12:23.668091,852,"{'Benign': 849, 'Bot': 3}",849,852
2026-04-14T16:12:24.801064,860,"{'Benign': 857, 'Bot': 3}",857,860
2026-04-14T16:12:25.937291,867,"{'Benign': 864, 'Bot': 3}",864,867
2026-04-14T16:12:27.070755,875,"{'Benign': 872, 'Bot': 3}",872,875
2026-04-14T16:12:28.239637,882,"{'Benign': 879, 'Bot': 3}",879,882
2026-04-14T16:12:29.375239,889,"{'Benign': 886, 'Bot': 3}",886,889
2026-04-14T16:12:30.655787,897,"{'Benign': 894, 'Bot': 3}",894,897
2026-04-14T16:12:31.800096,899,"{'Benign': 896, 'Bot': 3}",896,899
2026-04-14T16:12:32.937794,906,"{'Benign': 903, 'Bot': 3}",903,906
2026-04-14T16:12:34.066917,914,"{'Benign': 911, 'Bot': 3}",911,914
2026-04-14T16:12:35.197378,921,"{'Benign': 918, 'Bot': 3}",918,921
2026-04-14T16:12:36.320514,929,"{'Benign': 926, 'Bot': 3}",926,929
2026-04-14T16:12:37.459256,936,"{'Benign': 933, 'Bot': 3}",933,936
2026-04-14T16:12:38.613162,943,"{'Benign': 940, 'Bot': 3}",940,943
2026-04-14T16:12:39.744683,951,"{'Benign': 948, 'Bot': 3}",948,951
2026-04-14T16:12:40.888424,959,"{'Benign': 956, 'Bot': 3}",956,959
2026-04-14T16:12:42.022856,966,"{'Benign': 963, 'Bot': 3}",963,966
2026-04-14T16:12:43.152638,974,"{'Benign': 971, 'Bot': 3}",971,974
2026-04-14T16:12:44.373438,981,"{'Benign': 978, 'Bot': 3}",978,981
2026-04-14T16:12:45.538440,987,"{'Benign': 984, 'Bot': 3}",984,987
2026-04-14T16:12:46.672262,995,"{'Benign': 992, 'Bot': 3}",992,995
2026-04-14T16:12:47.818145,1003,"{'Benign': 1000, 'Bot': 3}",1000,1003
2026-04-14T16:12:48.987521,1010,"{'Benign': 1007, 'Bot': 3}",1007,1010
2026-04-14T16:12:50.116891,1019,"{'Benign': 1016, 'Bot': 3}",1016,1019
2026-04-14T16:12:51.324285,1026,"{'Benign': 1023, 'Bot': 3}",1023,1026
2026-04-14T16:12:52.475663,1032,"{'Benign': 1029, 'Bot': 3}",1029,1032
2026-04-14T16:12:53.616965,1040,"{'Benign': 1037, 'Bot': 3}",1037,1040
2026-04-14T16:12:54.756290,1048,"{'Benign': 1045, 'Bot': 3}",1045,1048
2026-04-14T16:12:55.919171,1054,"{'Benign': 1051, 'Bot': 3}",1051,1054
2026-04-14T16:12:57.048840,1061,"{'Benign': 1058, 'Bot': 3}",1058,1061
2026-04-14T16:12:58.184356,1070,"{'Benign': 1067, 'Bot': 3}",1067,1070
2026-04-14T16:12:59.332294,1077,"{'Benign': 1074, 'Bot': 3}",1074,1077
2026-04-14T16:13:00.457542,1084,"{'Benign': 1081, 'Bot': 3}",1081,1084
2026-04-14T16:13:01.633593,1092,"{'Benign': 1089, 'Bot': 3}",1089,1092
2026-04-14T16:13:02.811960,1097,"{'Benign': 1094, 'Bot': 3}",1094,1097
2026-04-14T16:13:03.962120,1104,"{'Benign': 1101, 'Bot': 3}",1101,1104
2026-04-14T16:13:05.112264,1108,"{'Benign': 1105, 'Bot': 3}",1105,1108
2026-04-14T16:13:06.308053,1113,"{'Benign': 1110, 'Bot': 3}",1110,1113
2026-04-14T16:13:07.481315,1118,"{'Benign': 1115, 'Bot': 3}",1115,1118
2026-04-14T16:13:08.656788,1124,"{'Benign': 1120, 'Bot': 4}",1120,1124
2026-04-14T16:13:09.861140,1130,"{'Benign': 1126, 'Bot': 4}",1126,1130
2026-04-14T16:13:10.990547,1136,"{'Benign': 1132, 'Bot': 4}",1132,1136
2026-04-14T16:13:12.125478,1143,"{'Benign': 1139, 'Bot': 4}",1139,1143
2026-04-14T16:13:13.276121,1150,"{'Benign': 1146, 'Bot': 4}",1146,1150
2026-04-14T16:13:14.512459,1156,"{'Benign': 1152, 'Bot': 4}",1152,1156
2026-04-14T16:13:15.670500,1158,"{'Benign': 1154, 'Bot': 4}",1154,1158
2026-04-14T16:13:16.811072,1164,"{'Benign': 1160, 'Bot': 4}",1160,1164
2026-04-14T16:13:18.306839,1169,"{'Benign': 1165, 'Bot': 4}",1165,1169
2026-04-14T16:13:20.173116,1169,"{'Benign': 1165, 'Bot': 4}",1165,1169
2026-04-14T16:13:21.645098,1170,"{'Benign': 1166, 'Bot': 4}",1166,1170
2026-04-14T16:13:22.787099,1174,"{'Benign': 1170, 'Bot': 4}",1170,1174
2026-04-14T16:13:24.358478,1176,"{'Benign': 1172, 'Bot': 4}",1172,1176
2026-04-14T16:13:25.532156,1178,"{'Benign': 1174, 'Bot': 4}",1174,1178
2026-04-14T16:13:26.797336,1183,"{'Benign': 1179, 'Bot': 4}",1179,1183
2026-04-14T16:13:28.040295,1185,"{'Benign': 1181, 'Bot': 4}",1181,1185
2026-04-14T16:13:29.471501,1186,"{'Benign': 1182, 'Bot': 4}",1182,1186
2026-04-14T16:13:30.904071,1188,"{'Benign': 1184, 'Bot': 4}",1184,1188
2026-04-14T16:13:32.100396,1188,"{'Benign': 1184, 'Bot': 4}",1184,1188
2026-04-14T16:13:33.237540,1192,"{'Benign': 1188, 'Bot': 4}",1188,1192
2026-04-14T16:13:34.370481,1199,"{'Benign': 1195, 'Bot': 4}",1195,1199
2026-04-14T16:13:35.516858,1204,"{'Benign': 1200, 'Bot': 4}",1200,1204
2026-04-14T16:13:36.738902,1206,"{'Benign': 1202, 'Bot': 4}",1202,1206
2026-04-14T16:13:37.875119,1210,"{'Benign': 1206, 'Bot': 4}",1206,1210
2026-04-14T16:13:39.061057,1217,"{'Benign': 1213, 'Bot': 4}",1213,1217
2026-04-14T16:13:40.210723,1224,"{'Benign': 1220, 'Bot': 4}",1220,1224
2026-04-14T16:13:41.345919,1229,"{'Benign': 1225, 'Bot': 4}",1225,1229
2026-04-14T16:13:42.470508,1231,"{'Benign': 1227, 'Bot': 4}",1227,1231
2026-04-14T16:13:43.605478,1237,"{'Benign': 1233, 'Bot': 4}",1233,1237
2026-04-14T16:13:46.101363,1239,"{'Benign': 1235, 'Bot': 4}",1235,1239
2026-04-14T16:13:47.258946,1241,"{'Benign': 1237, 'Bot': 4}",1237,1241
2026-04-14T16:13:48.468999,1245,"{'Benign': 1241, 'Bot': 4}",1241,1245
2026-04-14T16:13:49.606417,1248,"{'Benign': 1244, 'Bot': 4}",1244,1248
2026-04-14T16:13:50.817876,1252,"{'Benign': 1248, 'Bot': 4}",1248,1252
2026-04-14T16:13:51.960601,1259,"{'Benign': 1255, 'Bot': 4}",1255,1259
2026-04-14T16:13:53.091498,1266,"{'Benign': 1262, 'Bot': 4}",1262,1266
2026-04-14T16:13:54.282483,1271,"{'Benign': 1267, 'Bot': 4}",1267,1271
2026-04-14T16:13:55.415481,1278,"{'Benign': 1274, 'Bot': 4}",1274,1278
2026-04-14T16:13:56.548184,1284,"{'Benign': 1280, 'Bot': 4}",1280,1284
2026-04-14T16:13:57.679276,1290,"{'Benign': 1286, 'Bot': 4}",1286,1290
2026-04-14T16:13:58.801468,1296,"{'Benign': 1292, 'Bot': 4}",1292,1296
2026-04-14T16:13:59.950859,1301,"{'Benign': 1297, 'Bot': 4}",1297,1301
2026-04-14T16:14:01.740548,1303,"{'Benign': 1299, 'Bot': 4}",1299,1303
2026-04-14T16:14:02.885272,1305,"{'Benign': 1301, 'Bot': 4}",1301,1305
2026-04-14T16:14:04.071042,1310,"{'Benign': 1306, 'Bot': 4}",1306,1310
2026-04-14T16:14:05.321724,1312,"{'Benign': 1308, 'Bot': 4}",1308,1312
2026-04-14T16:14:06.460653,1316,"{'Benign': 1312, 'Bot': 4}",1312,1316
2026-04-14T16:14:07.611683,1321,"{'Benign': 1317, 'Bot': 4}",1317,1321
2026-04-14T16:14:08.766228,1328,"{'Benign': 1324, 'Bot': 4}",1324,1328
2026-04-14T16:14:10.745754,1329,"{'Benign': 1325, 'Bot': 4}",1325,1329
2026-04-14T16:14:12.404283,1329,"{'Benign': 1325, 'Bot': 4}",1325,1329
2026-04-14T16:14:13.551978,1335,"{'Benign': 1331, 'Bot': 4}",1331,1335
2026-04-14T16:14:14.867095,1337,"{'Benign': 1333, 'Bot': 4}",1333,1337
2026-04-14T16:14:16.067251,1341,"{'Benign': 1337, 'Bot': 4}",1337,1341
2026-04-14T16:14:17.451027,1345,"{'Benign': 1341, 'Bot': 4}",1341,1345
2026-04-14T16:14:19.150894,1346,"{'Benign': 1342, 'Bot': 4}",1342,1346
2026-04-14T16:14:21.192895,1346,"{'Benign': 1342, 'Bot': 4}",1342,1346
2026-04-14T16:14:22.793542,1347,"{'Benign': 1343, 'Bot': 4}",1343,1347
2026-04-14T16:14:24.031332,1352,"{'Benign': 1348, 'Bot': 4}",1348,1352
2026-04-14T16:14:25.293475,1357,"{'Benign': 1353, 'Bot': 4}",1353,1357
2026-04-14T16:14:26.741478,1361,"{'Benign': 1357, 'Bot': 4}",1357,1361
2026-04-14T16:14:28.328448,1361,"{'Benign': 1357, 'Bot': 4}",1357,1361
2026-04-14T16:14:30.696204,1362,"{'Benign': 1358, 'Bot': 4}",1358,1362
2026-04-14T16:14:32.198074,1362,"{'Benign': 1358, 'Bot': 4}",1358,1362
2026-04-14T16:14:33.338554,1367,"{'Benign': 1363, 'Bot': 4}",1363,1367
2026-04-14T16:14:34.487145,1371,"{'Benign': 1367, 'Bot': 4}",1367,1371
2026-04-14T16:14:35.629909,1376,"{'Benign': 1372, 'Bot': 4}",1372,1376
2026-04-14T16:14:36.937817,1378,"{'Benign': 1374, 'Bot': 4}",1374,1378
2026-04-14T16:14:38.080486,1382,"{'Benign': 1378, 'Bot': 4}",1378,1382
2026-04-14T16:14:39.213903,1389,"{'Benign': 1385, 'Bot': 4}",1385,1389
2026-04-14T16:14:40.349769,1397,"{'Benign': 1393, 'Bot': 4}",1393,1397
2026-04-14T16:14:41.490859,1405,"{'Benign': 1401, 'Bot': 4}",1401,1405
2026-04-14T16:14:42.635420,1412,"{'Benign': 1408, 'Bot': 4}",1408,1412
2026-04-14T16:14:43.774089,1419,"{'Benign': 1415, 'Bot': 4}",1415,1419
2026-04-14T16:14:44.915845,1427,"{'Benign': 1423, 'Bot': 4}",1423,1427
2026-04-14T16:14:46.053637,1434,"{'Benign': 1430, 'Bot': 4}",1430,1434
2026-04-14T16:14:47.194391,1441,"{'Benign': 1437, 'Bot': 4}",1437,1441
2026-04-14T16:14:48.328800,1448,"{'Benign': 1444, 'Bot': 4}",1444,1448
2026-04-14T16:14:49.469023,1456,"{'Benign': 1452, 'Bot': 4}",1452,1456
2026-04-14T16:14:50.597176,1463,"{'Benign': 1459, 'Bot': 4}",1459,1463
2026-04-14T16:14:52.124721,1467,"{'Benign': 1463, 'Bot': 4}",1463,1467
2026-04-14T16:14:53.267615,1473,"{'Benign': 1469, 'Bot': 4}",1469,1473
2026-04-14T16:14:54.405226,1479,"{'Benign': 1475, 'Bot': 4}",1475,1479
2026-04-14T16:14:55.793550,1482,"{'Benign': 1477, 'Bot': 5}",1477,1482
2026-04-14T16:14:57.331517,1484,"{'Benign': 1479, 'Bot': 5}",1479,1484
2026-04-14T16:14:58.470911,1488,"{'Benign': 1483, 'Bot': 5}",1483,1488
2026-04-14T16:14:59.605666,1496,"{'Benign': 1491, 'Bot': 5}",1491,1496
2026-04-14T16:15:00.727242,1504,"{'Benign': 1499, 'Bot': 5}",1499,1504
2026-04-14T16:15:01.871140,1511,"{'Benign': 1506, 'Bot': 5}",1506,1511
2026-04-14T16:15:03.017530,1518,"{'Benign': 1513, 'Bot': 5}",1513,1518
2026-04-14T16:15:04.214508,1525,"{'Benign': 1520, 'Bot': 5}",1520,1525
2026-04-14T16:15:05.651253,1529,"{'Benign': 1524, 'Bot': 5}",1524,1529
2026-04-14T16:15:06.786586,1535,"{'Benign': 1530, 'Bot': 5}",1530,1535
2026-04-14T16:15:07.926804,1542,"{'Benign': 1537, 'Bot': 5}",1537,1542
2026-04-14T16:15:09.070398,1550,"{'Benign': 1545, 'Bot': 5}",1545,1550
2026-04-14T16:15:10.826669,1552,"{'Benign': 1547, 'Bot': 5}",1547,1552
2026-04-14T16:15:11.963055,1558,"{'Benign': 1553, 'Bot': 5}",1553,1558
2026-04-14T16:15:13.101433,1565,"{'Benign': 1560, 'Bot': 5}",1560,1565
2026-04-14T16:15:14.311534,1570,"{'Benign': 1565, 'Bot': 5}",1565,1570
2026-04-14T16:15:15.445798,1575,"{'Benign': 1570, 'Bot': 5}",1570,1575
2026-04-14T16:15:16.563792,1588,"{'Benign': 1583, 'Bot': 5}",1583,1588
