timestamp,cpu_percent,memory_percent,memory_used_gb,memory_total_gb,disk_percent,process_count,network_io,load_average
2026-04-14T16:10:22.450797,89.3,84.1,13.20846939086914,15.698810577392578,68.2,396,"{'bytes_sent': 122155819, 'bytes_recv': 7376377, 'packets_sent': 62096, 'packets_recv': 33121, 'errin': 0, 'errout': 0, 'dropin': 0, 'dropout': 0}","(0.0, 0.0, 0.0)"
2026-04-14T16:10:24.124055,17.0,83.7,13.140087127685547,15.698810577392578,68.2,397,"{'bytes_sent': 122156018, 'bytes_recv': 7376649, 'packets_sent': 62099, 'packets_recv': 33124, 'errin': 0, 'errout': 0, 'dropin': 0, 'dropout': 0}","(0.0, 0.0, 0.0)"
2026-04-14T16:10:25.266649,43.0,83.8,13.158638000488281,15.698810577392578,68.2,391,"{'bytes_sent': 122156089, 'bytes_recv': 7376715, 'packets_sent': 62100, 'packets_recv': 33125, 'errin': 0, 'errout': 0, 'dropin': 0, 'dropout': 0}","(0.0, 0.0, 0.0)"
2026-04-14T16:10:26.473102,13.8,84.1,13.205242156982422,15.698810577392578,68.2,391,"{'bytes_sent': 122156089, 'bytes_recv': 7376715, 'packets_sent': 62100, 'packets_recv': 33125, 'errin': 0, 'errout': 0, 'dropin': 0, 'dropout': 0}","(0.0, 0.0, 0.0)"
2026-04-14T16:10:27.633496,14.0,84.1,13.196479797363281,15.698810577392578,68.2,390,"{'bytes_sent': 122172093, 'bytes_recv': 7387256, 'packets_sent': 62120, 'packets_recv': 33142, 'errin': 0, 'errout': 0, 'dropin': 0, 'dropout': 0}","(0.0, 0.0, 0.0)"
2026-04-14T16:10:28.766964,13.3,84.0,13.190010070800781,15.698810577392578,68.2,390,"{'bytes_sent': 122175301, 'bytes_recv': 7390324, 'packets_sent': 62130, 'packets_recv': 33155, 'errin': 0, 'errout': 0, 'dropin': 0, 'dropout': 0}","(0.08, 0.02, 0.01)"
2026-04-14T16:10:29.894240,21.4,84.0,13.185722351074219,15.698810577392578,68.2,390,"{'bytes_sent': 122177097, 'bytes_recv': 7390716, 'packets_sent': 62135, 'packets_recv': 33160, 'errin': 0, 'errout': 0, 'dropin': 0, 'dropout': 0}","(0.08, 0.02, 0.01)"
2026-04-14T16:10:31.039437,11.5,84.0,13.179683685302734,15.698810577392578,68.2,390,"{'bytes_sent': 122179527, 'bytes_recv': 7393978, 'packets_sent': 62144, 'packets_recv': 33171, 'errin': 0, 'errout': 0, 'dropin': 0, 'dropout': 0}","(0.08, 0.02, 0.01)"
2026-04-14T16:10:32.193935,78.9,84.8,13.32052993774414,15.698810577392578,68.2,418,"{'bytes_sent': 122187144, 'bytes_recv': 7397728, 'packets_sent': 62158, 'packets_recv': 33191, 'errin': 0, 'errout': 0, 'dropin': 0, 'dropout': 0}","(0.08, 0.02, 0.01)"
2026-04-14T16:10:33.377978,11.5,84.1,13.21053695678711,15.698810577392578,68.2,396,"{'bytes_sent': 122187364, 'bytes_recv': 7398046, 'packets_sent': 62162, 'packets_recv': 33196, 'errin': 0, 'errout': 0, 'dropin': 0, 'dropout': 0}","(0.07, 0.02, 0.01)"
2026-04-14T16:10:34.562814,16.4,84.1,13.202804565429688,15.698810577392578,68.2,394,"{'bytes_sent': 122187854, 'bytes_recv': 7403325, 'packets_sent': 62170, 'packets_recv': 33211, 'errin': 0, 'errout': 0, 'dropin': 0, 'dropout': 0}","(0.07, 0.02, 0.01)"
2026-04-14T16:10:35.691299,23.5,83.9,13.178104400634766,15.698810577392578,68.2,390,"{'bytes_sent': 122188182, 'bytes_recv': 7409556, 'packets_sent': 62176, 'packets_recv': 33239, 'errin': 0, 'errout': 0, 'dropin': 0, 'dropout': 0}","(0.07, 0.02, 0.01)"
2026-04-14T16:10:36.826426,18.8,83.9,13.17519760131836,15.698810577392578,68.2,390,"{'bytes_sent': 122188618, 'bytes_recv': 7409968, 'packets_sent': 62183, 'packets_recv': 33245, 'errin': 0, 'errout': 0, 'dropin': 0, 'dropout': 0}","(0.07, 0.02, 0.01)"
2026-04-14T16:10:37.956049,16.9,83.7,13.143524169921875,15.698810577392578,68.2,390,"{'bytes_sent': 122188838, 'bytes_recv': 7410100, 'packets_sent': 62186, 'packets_recv': 33247, 'errin': 0, 'errout': 0, 'dropin': 0, 'dropout': 0}","(0.07, 0.02, 0.01)"
2026-04-14T16:10:39.082354,9.4,83.6,13.125591278076172,15.698810577392578,68.2,390,"{'bytes_sent': 122189056, 'bytes_recv': 7410154, 'packets_sent': 62189, 'packets_recv': 33248, 'errin': 0, 'errout': 0, 'dropin': 0, 'dropout': 0}","(0.07, 0.02, 0.01)"
2026-04-14T16:10:40.228742,15.2,83.7,13.13742446899414,15.698810577392578,68.2,390,"{'bytes_sent': 122189056, 'bytes_recv': 7410200, 'packets_sent': 62189, 'packets_recv': 33249, 'errin': 0, 'errout': 0, 'dropin': 0, 'dropout': 0}","(0.07, 0.02, 0.01)"
2026-04-14T16:10:41.359292,22.8,83.7,13.141403198242188,15.698810577392578,68.2,390,"{'bytes_sent': 122189166, 'bytes_recv': 7410246, 'packets_sent': 62190, 'packets_recv': 33250, 'errin': 0, 'errout': 0, 'dropin': 0, 'dropout': 0}","(0.07, 0.02, 0.01)"
2026-04-14T16:10:42.513876,93.0,83.5,13.101531982421875,15.698810577392578,68.2,396,"{'bytes_sent': 122189276, 'bytes_recv': 7410344, 'packets_sent': 62191, 'packets_recv': 33251, 'errin': 0, 'errout': 0, 'dropin': 0, 'dropout': 0}","(0.07, 0.02, 0.01)"
2026-04-14T16:10:43.655223,20.0,83.5,13.110946655273438,15.698810577392578,68.2,396,"{'bytes_sent': 122189386, 'bytes_recv': 7410528, 'packets_sent': 62192, 'packets_recv': 33253, 'errin': 0, 'errout': 0, 'dropin': 0, 'dropout': 0}","(0.06, 0.02, 0.01)"
2026-04-14T16:10:44.792021,11.5,83.5,13.115226745605469,15.698810577392578,68.2,396,"{'bytes_sent': 122189441, 'bytes_recv': 7410594, 'packets_sent': 62193, 'packets_recv': 33254, 'errin': 0, 'errout': 0, 'dropin': 0, 'dropout': 0}","(0.06, 0.02, 0.01)"
2026-04-14T16:10:45.934936,11.1,83.3,13.082542419433594,15.698810577392578,68.2,390,"{'bytes_sent': 122189692, 'bytes_recv': 7411010, 'packets_sent': 62196, 'packets_recv': 33260, 'errin': 0, 'errout': 0, 'dropin': 0, 'dropout': 0}","(0.06, 0.02, 0.01)"
2026-04-14T16:10:47.077800,15.7,83.3,13.084892272949219,15.698810577392578,68.2,390,"{'bytes_sent': 122189802, 'bytes_recv': 7411010, 'packets_sent': 62197, 'packets_recv': 33260, 'errin': 0, 'errout': 0, 'dropin': 0, 'dropout': 0}","(0.06, 0.02, 0.01)"
2026-04-14T16:10:48.279832,16.7,83.4,13.092716217041016,15.698810577392578,68.2,390,"{'bytes_sent': 122189912, 'bytes_recv': 7411320, 'packets_sent': 62199, 'packets_recv': 33265, 'errin': 0, 'errout': 0, 'dropin': 0, 'dropout': 0}","(1.1, 0.23, 0.08)"
2026-04-14T16:10:49.613489,20.5,83.4,13.087699890136719,15.698810577392578,68.2,389,"{'bytes_sent': 122189998, 'bytes_recv': 7411320, 'packets_sent': 62200, 'packets_recv': 33265, 'errin': 0, 'errout': 0, 'dropin': 0, 'dropout': 0}","(1.1, 0.23, 0.08)"
2026-04-14T16:10:50.749328,16.1,83.3,13.081390380859375,15.698810577392578,68.2,389,"{'bytes_sent': 122189998, 'bytes_recv': 7416862, 'packets_sent': 62200, 'packets_recv': 33283, 'errin': 0, 'errout': 0, 'dropin': 0, 'dropout': 0}","(1.1, 0.23, 0.08)"
2026-04-14T16:10:51.894936,28.3,83.3,13.081531524658203,15.698810577392578,68.2,389,"{'bytes_sent': 122189998, 'bytes_recv': 7416862, 'packets_sent': 62200, 'packets_recv': 33283, 'errin': 0, 'errout': 0, 'dropin': 0, 'dropout': 0}","(1.1, 0.23, 0.08)"
2026-04-14T16:10:53.041175,20.8,83.6,13.131401062011719,15.698810577392578,68.2,395,"{'bytes_sent': 122190053, 'bytes_recv': 7416928, 'packets_sent': 62201, 'packets_recv': 33284, 'errin': 0, 'errout': 0, 'dropin': 0, 'dropout': 0}","(1.1, 0.23, 0.08)"
2026-04-14T16:10:54.181622,22.8,83.6,13.121204376220703,15.698810577392578,68.2,393,"{'bytes_sent': 122190053, 'bytes_recv': 7416928, 'packets_sent': 62201, 'packets_recv': 33284, 'errin': 0, 'errout': 0, 'dropin': 0, 'dropout': 0}","(1.01, 0.23, 0.08)"
2026-04-14T16:10:55.319890,25.2,83.4,13.090274810791016,15.698810577392578,68.2,389,"{'bytes_sent': 122190053, 'bytes_recv': 7417916, 'packets_sent': 62201, 'packets_recv': 33286, 'errin': 0, 'errout': 0, 'dropin': 0, 'dropout': 0}","(1.01, 0.23, 0.08)"
2026-04-14T16:10:56.880420,19.6,83.3,13.083255767822266,15.698810577392578,68.2,389,"{'bytes_sent': 122190053, 'bytes_recv': 7418338, 'packets_sent': 62201, 'packets_recv': 33288, 'errin': 0, 'errout': 0, 'dropin': 0, 'dropout': 0}","(1.01, 0.23, 0.08)"
2026-04-14T16:10:58.015632,23.8,83.4,13.086540222167969,15.698810577392578,68.2,389,"{'bytes_sent': 122199733, 'bytes_recv': 7428037, 'packets_sent': 62218, 'packets_recv': 33306, 'errin': 0, 'errout': 0, 'dropin': 0, 'dropout': 0}","(1.01, 0.23, 0.08)"
2026-04-14T16:10:59.163273,27.1,83.5,13.101085662841797,15.698810577392578,68.2,389,"{'bytes_sent': 122199733, 'bytes_recv': 7428248, 'packets_sent': 62218, 'packets_recv': 33307, 'errin': 0, 'errout': 0, 'dropin': 0, 'dropout': 0}","(0.93, 0.22, 0.08)"
2026-04-14T16:11:00.299531,10.7,83.5,13.111133575439453,15.698810577392578,68.2,389,"{'bytes_sent': 122199788, 'bytes_recv': 7428314, 'packets_sent': 62219, 'packets_recv': 33308, 'errin': 0, 'errout': 0, 'dropin': 0, 'dropout': 0}","(0.93, 0.22, 0.08)"
2026-04-14T16:11:01.439282,11.0,83.5,13.107738494873047,15.698810577392578,68.2,389,"{'bytes_sent': 122199788, 'bytes_recv': 7428314, 'packets_sent': 62219, 'packets_recv': 33308, 'errin': 0, 'errout': 0, 'dropin': 0, 'dropout': 0}","(0.93, 0.22, 0.08)"
2026-04-14T16:11:02.577331,48.2,83.8,13.160869598388672,15.698810577392578,68.2,395,"{'bytes_sent': 122199788, 'bytes_recv': 7428314, 'packets_sent': 62219, 'packets_recv': 33308, 'errin': 0, 'errout': 0, 'dropin': 0, 'dropout': 0}","(0.93, 0.22, 0.08)"
2026-04-14T16:11:03.714476,9.8,83.9,13.165245056152344,15.698810577392578,68.2,395,"{'bytes_sent': 122199885, 'bytes_recv': 7428422, 'packets_sent': 62221, 'packets_recv': 33310, 'errin': 0, 'errout': 0, 'dropin': 0, 'dropout': 0}","(0.85, 0.22, 0.08)"
2026-04-14T16:11:04.843173,13.5,83.8,13.149349212646484,15.698810577392578,68.2,395,"{'bytes_sent': 122199940, 'bytes_recv': 7428488, 'packets_sent': 62222, 'packets_recv': 33311, 'errin': 0, 'errout': 0, 'dropin': 0, 'dropout': 0}","(0.85, 0.22, 0.08)"
2026-04-14T16:11:05.974458,21.4,83.6,13.130359649658203,15.698810577392578,68.2,389,"{'bytes_sent': 122199995, 'bytes_recv': 7434030, 'packets_sent': 62223, 'packets_recv': 33329, 'errin': 0, 'errout': 0, 'dropin': 0, 'dropout': 0}","(0.85, 0.22, 0.08)"
2026-04-14T16:11:07.101770,16.1,83.6,13.12343978881836,15.698810577392578,68.2,389,"{'bytes_sent': 122200105, 'bytes_recv': 7434162, 'packets_sent': 62225, 'packets_recv': 33331, 'errin': 0, 'errout': 0, 'dropin': 0, 'dropout': 0}","(0.85, 0.22, 0.08)"
2026-04-14T16:11:08.242172,10.7,83.6,13.123458862304688,15.698810577392578,68.2,389,"{'bytes_sent': 122200270, 'bytes_recv': 7434360, 'packets_sent': 62228, 'packets_recv': 33334, 'errin': 0, 'errout': 0, 'dropin': 0, 'dropout': 0}","(0.79, 0.22, 0.08)"
2026-04-14T16:11:09.368053,16.2,83.6,13.120014190673828,15.698810577392578,68.2,389,"{'bytes_sent': 122200325, 'bytes_recv': 7434360, 'packets_sent': 62229, 'packets_recv': 33334, 'errin': 0, 'errout': 0, 'dropin': 0, 'dropout': 0}","(0.79, 0.22, 0.08)"
2026-04-14T16:11:10.526859,9.6,83.6,13.12127685546875,15.698810577392578,68.2,389,"{'bytes_sent': 122200325, 'bytes_recv': 7434402, 'packets_sent': 62229, 'packets_recv': 33335, 'errin': 0, 'errout': 0, 'dropin': 0, 'dropout': 0}","(0.79, 0.22, 0.08)"
2026-04-14T16:11:11.656448,11.3,83.6,13.124732971191406,15.698810577392578,68.2,389,"{'bytes_sent': 122200325, 'bytes_recv': 7434444, 'packets_sent': 62229, 'packets_recv': 33336, 'errin': 0, 'errout': 0, 'dropin': 0, 'dropout': 0}","(0.79, 0.22, 0.08)"
2026-04-14T16:11:12.792258,27.4,83.9,13.170722961425781,15.698810577392578,68.2,395,"{'bytes_sent': 122200325, 'bytes_recv': 7434486, 'packets_sent': 62229, 'packets_recv': 33337, 'errin': 0, 'errout': 0, 'dropin': 0, 'dropout': 0}","(0.79, 0.22, 0.08)"
2026-04-14T16:11:13.953232,10.8,83.9,13.164360046386719,15.698810577392578,68.2,395,"{'bytes_sent': 122200325, 'bytes_recv': 7434528, 'packets_sent': 62229, 'packets_recv': 33338, 'errin': 0, 'errout': 0, 'dropin': 0, 'dropout': 0}","(1.04, 0.28, 0.1)"
2026-04-14T16:11:15.100384,19.8,83.7,13.140727996826172,15.698810577392578,68.2,389,"{'bytes_sent': 122200380, 'bytes_recv': 7434594, 'packets_sent': 62230, 'packets_recv': 33339, 'errin': 0, 'errout': 0, 'dropin': 0, 'dropout': 0}","(1.04, 0.28, 0.1)"
2026-04-14T16:11:16.247209,20.5,83.7,13.139091491699219,15.698810577392578,68.2,389,"{'bytes_sent': 122200572, 'bytes_recv': 7434875, 'packets_sent': 62232, 'packets_recv': 33343, 'errin': 0, 'errout': 0, 'dropin': 0, 'dropout': 0}","(1.04, 0.28, 0.1)"
2026-04-14T16:11:17.384248,15.8,83.7,13.136112213134766,15.698810577392578,68.2,389,"{'bytes_sent': 122200726, 'bytes_recv': 7434995, 'packets_sent': 62234, 'packets_recv': 33345, 'errin': 0, 'errout': 0, 'dropin': 0, 'dropout': 0}","(1.04, 0.28, 0.1)"
2026-04-14T16:11:18.530939,12.6,83.7,13.137561798095703,15.698810577392578,68.2,389,"{'bytes_sent': 122202513, 'bytes_recv': 7501040, 'packets_sent': 62253, 'packets_recv': 33409, 'errin': 0, 'errout': 0, 'dropin': 0, 'dropout': 0}","(0.96, 0.27, 0.1)"
2026-04-14T16:11:19.678479,18.8,83.7,13.145423889160156,15.698810577392578,68.2,389,"{'bytes_sent': 122202513, 'bytes_recv': 7502345, 'packets_sent': 62253, 'packets_recv': 33419, 'errin': 0, 'errout': 0, 'dropin': 0, 'dropout': 0}","(0.96, 0.27, 0.1)"
2026-04-14T16:11:20.807322,21.8,83.7,13.139362335205078,15.698810577392578,68.2,389,"{'bytes_sent': 122202513, 'bytes_recv': 7507887, 'packets_sent': 62253, 'packets_recv': 33437, 'errin': 0, 'errout': 0, 'dropin': 0, 'dropout': 0}","(0.96, 0.27, 0.1)"
2026-04-14T16:11:21.951492,20.0,83.7,13.134109497070312,15.698810577392578,68.2,389,"{'bytes_sent': 122202513, 'bytes_recv': 7508163, 'packets_sent': 62253, 'packets_recv': 33440, 'errin': 0, 'errout': 0, 'dropin': 0, 'dropout': 0}","(0.96, 0.27, 0.1)"
2026-04-14T16:11:23.081143,15.6,84.0,13.18505859375,15.698810577392578,68.2,395,"{'bytes_sent': 122202568, 'bytes_recv': 7508271, 'packets_sent': 62254, 'packets_recv': 33442, 'errin': 0, 'errout': 0, 'dropin': 0, 'dropout': 0}","(0.96, 0.27, 0.1)"
2026-04-14T16:11:24.213847,17.9,84.0,13.182426452636719,15.698810577392578,68.2,395,"{'bytes_sent': 122205801, 'bytes_recv': 7512579, 'packets_sent': 62263, 'packets_recv': 33456, 'errin': 0, 'errout': 0, 'dropin': 0, 'dropout': 0}","(0.88, 0.27, 0.1)"
2026-04-14T16:11:25.342407,22.4,83.7,13.139434814453125,15.698810577392578,68.2,389,"{'bytes_sent': 122206085, 'bytes_recv': 7512851, 'packets_sent': 62267, 'packets_recv': 33460, 'errin': 0, 'errout': 0, 'dropin': 0, 'dropout': 0}","(0.88, 0.27, 0.1)"
2026-04-14T16:11:26.480245,13.6,83.7,13.137714385986328,15.698810577392578,68.2,389,"{'bytes_sent': 122206372, 'bytes_recv': 7514781, 'packets_sent': 62271, 'packets_recv': 33466, 'errin': 0, 'errout': 0, 'dropin': 0, 'dropout': 0}","(0.88, 0.27, 0.1)"
2026-04-14T16:11:27.627641,13.5,83.7,13.141002655029297,15.698810577392578,68.2,389,"{'bytes_sent': 122213857, 'bytes_recv': 7522121, 'packets_sent': 62291, 'packets_recv': 33483, 'errin': 0, 'errout': 0, 'dropin': 0, 'dropout': 0}","(0.88, 0.27, 0.1)"
2026-04-14T16:11:28.765003,20.2,83.7,13.137981414794922,15.698810577392578,68.2,389,"{'bytes_sent': 122214038, 'bytes_recv': 7522189, 'packets_sent': 62293, 'packets_recv': 33484, 'errin': 0, 'errout': 0, 'dropin': 0, 'dropout': 0}","(0.81, 0.26, 0.1)"
2026-04-14T16:11:29.897523,23.9,83.7,13.139530181884766,15.698810577392578,68.2,389,"{'bytes_sent': 122214093, 'bytes_recv': 7522334, 'packets_sent': 62294, 'packets_recv': 33486, 'errin': 0, 'errout': 0, 'dropin': 0, 'dropout': 0}","(0.81, 0.26, 0.1)"
2026-04-14T16:11:31.029364,15.5,83.7,13.14358901977539,15.698810577392578,68.2,389,"{'bytes_sent': 122214203, 'bytes_recv': 7522413, 'packets_sent': 62295, 'packets_recv': 33487, 'errin': 0, 'errout': 0, 'dropin': 0, 'dropout': 0}","(0.81, 0.26, 0.1)"
2026-04-14T16:11:32.161540,43.9,84.8,13.312519073486328,15.698810577392578,68.2,415,"{'bytes_sent': 122214384, 'bytes_recv': 7522560, 'packets_sent': 62297, 'packets_recv': 33489, 'errin': 0, 'errout': 0, 'dropin': 0, 'dropout': 0}","(0.81, 0.26, 0.1)"
2026-04-14T16:11:33.319178,18.5,84.1,13.198165893554688,15.698810577392578,68.2,395,"{'bytes_sent': 122214549, 'bytes_recv': 7522705, 'packets_sent': 62299, 'packets_recv': 33491, 'errin': 0, 'errout': 0, 'dropin': 0, 'dropout': 0}","(0.91, 0.29, 0.11)"
2026-04-14T16:11:34.458768,15.6,84.2,13.211395263671875,15.698810577392578,68.2,393,"{'bytes_sent': 122214620, 'bytes_recv': 7522851, 'packets_sent': 62300, 'packets_recv': 33493, 'errin': 0, 'errout': 0, 'dropin': 0, 'dropout': 0}","(0.91, 0.29, 0.11)"
2026-04-14T16:11:35.584447,16.5,83.9,13.172401428222656,15.698810577392578,68.2,389,"{'bytes_sent': 122214730, 'bytes_recv': 7528472, 'packets_sent': 62301, 'packets_recv': 33512, 'errin': 0, 'errout': 0, 'dropin': 0, 'dropout': 0}","(0.91, 0.29, 0.11)"
2026-04-14T16:11:36.718578,20.0,83.9,13.173934936523438,15.698810577392578,68.2,389,"{'bytes_sent': 122216252, 'bytes_recv': 7529437, 'packets_sent': 62309, 'packets_recv': 33519, 'errin': 0, 'errout': 0, 'dropin': 0, 'dropout': 0}","(0.91, 0.29, 0.11)"
2026-04-14T16:11:37.847525,17.6,83.9,13.1669921875,15.698810577392578,68.2,389,"{'bytes_sent': 122216417, 'bytes_recv': 7529503, 'packets_sent': 62311, 'packets_recv': 33520, 'errin': 0, 'errout': 0, 'dropin': 0, 'dropout': 0}","(0.91, 0.29, 0.11)"
2026-04-14T16:11:38.962559,18.5,83.4,13.090690612792969,15.698810577392578,68.2,389,"{'bytes_sent': 122216459, 'bytes_recv': 7529643, 'packets_sent': 62312, 'packets_recv': 33522, 'errin': 0, 'errout': 0, 'dropin': 0, 'dropout': 0}","(1.07, 0.34, 0.12)"
2026-04-14T16:11:40.088425,9.5,83.4,13.085636138916016,15.698810577392578,68.2,389,"{'bytes_sent': 122216711, 'bytes_recv': 7529878, 'packets_sent': 62315, 'packets_recv': 33525, 'errin': 0, 'errout': 0, 'dropin': 0, 'dropout': 0}","(1.07, 0.34, 0.12)"
2026-04-14T16:11:41.223389,8.4,83.2,13.05392837524414,15.698810577392578,68.2,389,"{'bytes_sent': 122216821, 'bytes_recv': 7529878, 'packets_sent': 62316, 'packets_recv': 33525, 'errin': 0, 'errout': 0, 'dropin': 0, 'dropout': 0}","(1.07, 0.34, 0.12)"
2026-04-14T16:11:42.345747,93.0,84.8,13.318950653076172,15.698810577392578,68.2,416,"{'bytes_sent': 122216821, 'bytes_recv': 7529878, 'packets_sent': 62316, 'packets_recv': 33525, 'errin': 0, 'errout': 0, 'dropin': 0, 'dropout': 0}","(1.07, 0.34, 0.12)"
2026-04-14T16:11:43.499092,26.4,83.4,13.095882415771484,15.698810577392578,68.2,395,"{'bytes_sent': 122216876, 'bytes_recv': 7530138, 'packets_sent': 62317, 'packets_recv': 33529, 'errin': 0, 'errout': 0, 'dropin': 0, 'dropout': 0}","(0.99, 0.33, 0.12)"
2026-04-14T16:11:44.639134,17.4,83.4,13.088546752929688,15.698810577392578,68.2,395,"{'bytes_sent': 122217148, 'bytes_recv': 7530483, 'packets_sent': 62321, 'packets_recv': 33534, 'errin': 0, 'errout': 0, 'dropin': 0, 'dropout': 0}","(0.99, 0.33, 0.12)"
2026-04-14T16:11:45.806809,17.9,83.2,13.05746841430664,15.698810577392578,68.2,389,"{'bytes_sent': 122217637, 'bytes_recv': 7530999, 'packets_sent': 62328, 'packets_recv': 33542, 'errin': 0, 'errout': 0, 'dropin': 0, 'dropout': 0}","(0.99, 0.33, 0.12)"
2026-04-14T16:11:46.935135,14.8,83.2,13.062370300292969,15.698810577392578,68.2,389,"{'bytes_sent': 122217850, 'bytes_recv': 7531317, 'packets_sent': 62331, 'packets_recv': 33547, 'errin': 0, 'errout': 0, 'dropin': 0, 'dropout': 0}","(0.99, 0.33, 0.12)"
2026-04-14T16:11:48.056586,8.8,83.3,13.073860168457031,15.698810577392578,68.2,389,"{'bytes_sent': 122217976, 'bytes_recv': 7531449, 'packets_sent': 62333, 'packets_recv': 33549, 'errin': 0, 'errout': 0, 'dropin': 0, 'dropout': 0}","(0.99, 0.33, 0.12)"
2026-04-14T16:11:49.179266,17.9,83.6,13.132022857666016,15.698810577392578,68.2,389,"{'bytes_sent': 122221112, 'bytes_recv': 7535248, 'packets_sent': 62341, 'packets_recv': 33560, 'errin': 0, 'errout': 0, 'dropin': 0, 'dropout': 0}","(0.91, 0.33, 0.12)"
2026-04-14T16:11:50.307887,15.1,83.8,13.148818969726562,15.698810577392578,68.2,389,"{'bytes_sent': 122221809, 'bytes_recv': 7543092, 'packets_sent': 62351, 'packets_recv': 33590, 'errin': 0, 'errout': 0, 'dropin': 0, 'dropout': 0}","(0.91, 0.33, 0.12)"
2026-04-14T16:11:51.441587,18.4,83.7,13.14727783203125,15.698810577392578,68.2,389,"{'bytes_sent': 122222061, 'bytes_recv': 7543523, 'packets_sent': 62355, 'packets_recv': 33595, 'errin': 0, 'errout': 0, 'dropin': 0, 'dropout': 0}","(0.91, 0.33, 0.12)"
2026-04-14T16:11:52.583693,98.6,84.6,13.288566589355469,15.698810577392578,68.2,395,"{'bytes_sent': 122222187, 'bytes_recv': 7543656, 'packets_sent': 62357, 'packets_recv': 33597, 'errin': 0, 'errout': 0, 'dropin': 0, 'dropout': 0}","(0.91, 0.33, 0.12)"
2026-04-14T16:11:53.720610,16.5,84.0,13.179855346679688,15.698810577392578,68.2,394,"{'bytes_sent': 122223604, 'bytes_recv': 7544143, 'packets_sent': 62365, 'packets_recv': 33603, 'errin': 0, 'errout': 0, 'dropin': 0, 'dropout': 0}","(1.32, 0.42, 0.15)"
2026-04-14T16:11:54.845081,9.5,83.9,13.176017761230469,15.698810577392578,68.2,394,"{'bytes_sent': 122223604, 'bytes_recv': 7544253, 'packets_sent': 62365, 'packets_recv': 33604, 'errin': 0, 'errout': 0, 'dropin': 0, 'dropout': 0}","(1.32, 0.42, 0.15)"
2026-04-14T16:11:55.972425,9.6,83.8,13.149795532226562,15.698810577392578,68.2,388,"{'bytes_sent': 122223604, 'bytes_recv': 7544253, 'packets_sent': 62365, 'packets_recv': 33604, 'errin': 0, 'errout': 0, 'dropin': 0, 'dropout': 0}","(1.32, 0.42, 0.15)"
2026-04-14T16:11:57.119818,23.3,83.7,13.139728546142578,15.698810577392578,68.2,388,"{'bytes_sent': 122223675, 'bytes_recv': 7544320, 'packets_sent': 62366, 'packets_recv': 33605, 'errin': 0, 'errout': 0, 'dropin': 0, 'dropout': 0}","(1.32, 0.42, 0.15)"
2026-04-14T16:11:58.260301,12.1,83.7,13.138874053955078,15.698810577392578,68.2,388,"{'bytes_sent': 122236947, 'bytes_recv': 7553623, 'packets_sent': 62382, 'packets_recv': 33619, 'errin': 0, 'errout': 0, 'dropin': 0, 'dropout': 0}","(1.21, 0.41, 0.15)"
2026-04-14T16:11:59.403686,26.2,83.6,13.124706268310547,15.698810577392578,68.2,388,"{'bytes_sent': 122237133, 'bytes_recv': 7553773, 'packets_sent': 62385, 'packets_recv': 33622, 'errin': 0, 'errout': 0, 'dropin': 0, 'dropout': 0}","(1.21, 0.41, 0.15)"
2026-04-14T16:12:00.540370,23.8,83.5,13.106815338134766,15.698810577392578,68.2,388,"{'bytes_sent': 122237133, 'bytes_recv': 7554553, 'packets_sent': 62385, 'packets_recv': 33628, 'errin': 0, 'errout': 0, 'dropin': 0, 'dropout': 0}","(1.21, 0.41, 0.15)"
2026-04-14T16:12:01.708250,18.2,83.4,13.088794708251953,15.698810577392578,68.2,388,"{'bytes_sent': 122237133, 'bytes_recv': 7554595, 'packets_sent': 62385, 'packets_recv': 33629, 'errin': 0, 'errout': 0, 'dropin': 0, 'dropout': 0}","(1.21, 0.41, 0.15)"
2026-04-14T16:12:02.839009,30.4,83.6,13.125198364257812,15.698810577392578,68.2,394,"{'bytes_sent': 122237259, 'bytes_recv': 7554704, 'packets_sent': 62387, 'packets_recv': 33631, 'errin': 0, 'errout': 0, 'dropin': 0, 'dropout': 0}","(1.21, 0.41, 0.15)"
2026-04-14T16:12:03.983942,21.3,83.6,13.121826171875,15.698810577392578,68.2,394,"{'bytes_sent': 122237314, 'bytes_recv': 7554878, 'packets_sent': 62388, 'packets_recv': 33634, 'errin': 0, 'errout': 0, 'dropin': 0, 'dropout': 0}","(1.67, 0.52, 0.19)"
2026-04-14T16:12:05.170740,26.6,83.4,13.099617004394531,15.698810577392578,68.2,388,"{'bytes_sent': 122237369, 'bytes_recv': 7554986, 'packets_sent': 62389, 'packets_recv': 33636, 'errin': 0, 'errout': 0, 'dropin': 0, 'dropout': 0}","(1.67, 0.52, 0.19)"
2026-04-14T16:12:06.301958,18.9,83.5,13.101398468017578,15.698810577392578,68.2,388,"{'bytes_sent': 122237369, 'bytes_recv': 7560570, 'packets_sent': 62389, 'packets_recv': 33655, 'errin': 0, 'errout': 0, 'dropin': 0, 'dropout': 0}","(1.67, 0.52, 0.19)"
2026-04-14T16:12:07.446320,24.1,83.5,13.107963562011719,15.698810577392578,68.2,388,"{'bytes_sent': 122237555, 'bytes_recv': 7560720, 'packets_sent': 62392, 'packets_recv': 33658, 'errin': 0, 'errout': 0, 'dropin': 0, 'dropout': 0}","(1.67, 0.52, 0.19)"
2026-04-14T16:12:08.589812,13.0,83.4,13.100128173828125,15.698810577392578,68.2,388,"{'bytes_sent': 122237555, 'bytes_recv': 7560762, 'packets_sent': 62392, 'packets_recv': 33659, 'errin': 0, 'errout': 0, 'dropin': 0, 'dropout': 0}","(1.54, 0.51, 0.19)"
2026-04-14T16:12:09.738191,10.4,83.4,13.092910766601562,15.698810577392578,68.2,388,"{'bytes_sent': 122237918, 'bytes_recv': 7561256, 'packets_sent': 62397, 'packets_recv': 33667, 'errin': 0, 'errout': 0, 'dropin': 0, 'dropout': 0}","(1.54, 0.51, 0.19)"
2026-04-14T16:12:10.881666,21.3,83.4,13.09946060180664,15.698810577392578,68.2,388,"{'bytes_sent': 122238273, 'bytes_recv': 7561628, 'packets_sent': 62402, 'packets_recv': 33673, 'errin': 0, 'errout': 0, 'dropin': 0, 'dropout': 0}","(1.54, 0.51, 0.19)"
2026-04-14T16:12:12.013970,16.7,83.5,13.103935241699219,15.698810577392578,68.2,388,"{'bytes_sent': 122238415, 'bytes_recv': 7561736, 'packets_sent': 62404, 'packets_recv': 33675, 'errin': 0, 'errout': 0, 'dropin': 0, 'dropout': 0}","(1.54, 0.51, 0.19)"
2026-04-14T16:12:13.153628,19.3,83.8,13.150554656982422,15.698810577392578,68.2,394,"{'bytes_sent': 122238415, 'bytes_recv': 7561930, 'packets_sent': 62404, 'packets_recv': 33678, 'errin': 0, 'errout': 0, 'dropin': 0, 'dropout': 0}","(1.54, 0.51, 0.19)"
2026-04-14T16:12:14.281743,22.0,83.7,13.135265350341797,15.698810577392578,68.2,392,"{'bytes_sent': 122238528, 'bytes_recv': 7562080, 'packets_sent': 62406, 'packets_recv': 33681, 'errin': 0, 'errout': 0, 'dropin': 0, 'dropout': 0}","(1.9, 0.6, 0.22)"
2026-04-14T16:12:15.491981,20.2,83.5,13.111846923828125,15.698810577392578,68.2,388,"{'bytes_sent': 122238627, 'bytes_recv': 7562176, 'packets_sent': 62407, 'packets_recv': 33683, 'errin': 0, 'errout': 0, 'dropin': 0, 'dropout': 0}","(1.9, 0.6, 0.22)"
2026-04-14T16:12:16.636131,22.1,83.5,13.108467102050781,15.698810577392578,68.2,388,"{'bytes_sent': 122240580, 'bytes_recv': 7629750, 'packets_sent': 62430, 'packets_recv': 33743, 'errin': 0, 'errout': 0, 'dropin': 0, 'dropout': 0}","(1.9, 0.6, 0.22)"
2026-04-14T16:12:17.766263,22.9,83.5,13.101520538330078,15.698810577392578,68.2,388,"{'bytes_sent': 122240843, 'bytes_recv': 7630139, 'packets_sent': 62433, 'packets_recv': 33749, 'errin': 0, 'errout': 0, 'dropin': 0, 'dropout': 0}","(1.9, 0.6, 0.22)"
2026-04-14T16:12:18.906217,12.5,83.5,13.103805541992188,15.698810577392578,68.2,388,"{'bytes_sent': 122240898, 'bytes_recv': 7630355, 'packets_sent': 62434, 'packets_recv': 33752, 'errin': 0, 'errout': 0, 'dropin': 0, 'dropout': 0}","(1.91, 0.63, 0.23)"
2026-04-14T16:12:20.031927,20.8,83.5,13.109870910644531,15.698810577392578,68.2,388,"{'bytes_sent': 122240898, 'bytes_recv': 7631702, 'packets_sent': 62434, 'packets_recv': 33763, 'errin': 0, 'errout': 0, 'dropin': 0, 'dropout': 0}","(1.91, 0.63, 0.23)"
2026-04-14T16:12:21.214374,19.0,83.5,13.110221862792969,15.698810577392578,68.2,388,"{'bytes_sent': 122240898, 'bytes_recv': 7637286, 'packets_sent': 62434, 'packets_recv': 33782, 'errin': 0, 'errout': 0, 'dropin': 0, 'dropout': 0}","(1.91, 0.63, 0.23)"
2026-04-14T16:12:22.400623,89.2,85.0,13.34848403930664,15.698810577392578,68.2,411,"{'bytes_sent': 122240898, 'bytes_recv': 7637328, 'packets_sent': 62434, 'packets_recv': 33783, 'errin': 0, 'errout': 0, 'dropin': 0, 'dropout': 0}","(1.91, 0.63, 0.23)"
2026-04-14T16:12:23.536765,21.4,83.7,13.132545471191406,15.698810577392578,68.2,394,"{'bytes_sent': 122240898, 'bytes_recv': 7637370, 'packets_sent': 62434, 'packets_recv': 33784, 'errin': 0, 'errout': 0, 'dropin': 0, 'dropout': 0}","(1.99, 0.67, 0.25)"
2026-04-14T16:12:24.669179,30.3,83.7,13.1395263671875,15.698810577392578,68.2,394,"{'bytes_sent': 122240898, 'bytes_recv': 7637454, 'packets_sent': 62434, 'packets_recv': 33786, 'errin': 0, 'errout': 0, 'dropin': 0, 'dropout': 0}","(1.99, 0.67, 0.25)"
2026-04-14T16:12:25.817479,16.2,83.5,13.109905242919922,15.698810577392578,68.2,388,"{'bytes_sent': 122240898, 'bytes_recv': 7637454, 'packets_sent': 62434, 'packets_recv': 33786, 'errin': 0, 'errout': 0, 'dropin': 0, 'dropout': 0}","(1.99, 0.67, 0.25)"
2026-04-14T16:12:26.941791,18.5,83.5,13.114635467529297,15.698810577392578,68.2,388,"{'bytes_sent': 122240898, 'bytes_recv': 7637538, 'packets_sent': 62434, 'packets_recv': 33788, 'errin': 0, 'errout': 0, 'dropin': 0, 'dropout': 0}","(1.99, 0.67, 0.25)"
2026-04-14T16:12:28.107870,28.9,83.5,13.114864349365234,15.698810577392578,68.2,388,"{'bytes_sent': 122257973, 'bytes_recv': 7647248, 'packets_sent': 62455, 'packets_recv': 33808, 'errin': 0, 'errout': 0, 'dropin': 0, 'dropout': 0}","(1.99, 0.67, 0.25)"
2026-04-14T16:12:29.253293,8.3,83.5,13.112384796142578,15.698810577392578,68.2,388,"{'bytes_sent': 122257973, 'bytes_recv': 7647290, 'packets_sent': 62455, 'packets_recv': 33809, 'errin': 0, 'errout': 0, 'dropin': 0, 'dropout': 0}","(2.23, 0.74, 0.27)"
2026-04-14T16:12:30.393339,22.2,83.6,13.122695922851562,15.698810577392578,68.2,388,"{'bytes_sent': 122257973, 'bytes_recv': 7647332, 'packets_sent': 62455, 'packets_recv': 33810, 'errin': 0, 'errout': 0, 'dropin': 0, 'dropout': 0}","(2.23, 0.74, 0.27)"
2026-04-14T16:12:31.671666,22.1,83.5,13.114215850830078,15.698810577392578,68.2,388,"{'bytes_sent': 122257973, 'bytes_recv': 7647374, 'packets_sent': 62455, 'packets_recv': 33811, 'errin': 0, 'errout': 0, 'dropin': 0, 'dropout': 0}","(2.23, 0.74, 0.27)"
2026-04-14T16:12:32.814776,43.8,83.8,13.163219451904297,15.698810577392578,68.2,394,"{'bytes_sent': 122257973, 'bytes_recv': 7647416, 'packets_sent': 62455, 'packets_recv': 33812, 'errin': 0, 'errout': 0, 'dropin': 0, 'dropout': 0}","(2.23, 0.74, 0.27)"
2026-04-14T16:12:33.946246,25.0,83.8,13.147891998291016,15.698810577392578,68.2,394,"{'bytes_sent': 122265999, 'bytes_recv': 7652834, 'packets_sent': 62469, 'packets_recv': 33825, 'errin': 0, 'errout': 0, 'dropin': 0, 'dropout': 0}","(2.29, 0.78, 0.29)"
2026-04-14T16:12:35.076997,31.4,83.7,13.143497467041016,15.698810577392578,68.2,392,"{'bytes_sent': 122266583, 'bytes_recv': 7659008, 'packets_sent': 62477, 'packets_recv': 33842, 'errin': 0, 'errout': 0, 'dropin': 0, 'dropout': 0}","(2.29, 0.78, 0.29)"
2026-04-14T16:12:36.199122,15.5,83.5,13.10906982421875,15.698810577392578,68.2,388,"{'bytes_sent': 122266748, 'bytes_recv': 7664724, 'packets_sent': 62479, 'packets_recv': 33863, 'errin': 0, 'errout': 0, 'dropin': 0, 'dropout': 0}","(2.29, 0.78, 0.29)"
2026-04-14T16:12:37.336261,20.9,83.5,13.114971160888672,15.698810577392578,68.2,388,"{'bytes_sent': 122266803, 'bytes_recv': 7664832, 'packets_sent': 62480, 'packets_recv': 33865, 'errin': 0, 'errout': 0, 'dropin': 0, 'dropout': 0}","(2.29, 0.78, 0.29)"
2026-04-14T16:12:38.465872,15.8,83.5,13.113704681396484,15.698810577392578,68.2,388,"{'bytes_sent': 122267023, 'bytes_recv': 7664874, 'packets_sent': 62483, 'packets_recv': 33866, 'errin': 0, 'errout': 0, 'dropin': 0, 'dropout': 0}","(2.51, 0.85, 0.31)"
2026-04-14T16:12:39.619216,11.8,83.5,13.115367889404297,15.698810577392578,68.2,388,"{'bytes_sent': 122267133, 'bytes_recv': 7664982, 'packets_sent': 62484, 'packets_recv': 33868, 'errin': 0, 'errout': 0, 'dropin': 0, 'dropout': 0}","(2.51, 0.85, 0.31)"
2026-04-14T16:12:40.754417,22.3,83.6,13.118263244628906,15.698810577392578,68.2,388,"{'bytes_sent': 122267243, 'bytes_recv': 7665120, 'packets_sent': 62485, 'packets_recv': 33871, 'errin': 0, 'errout': 0, 'dropin': 0, 'dropout': 0}","(2.51, 0.85, 0.31)"
2026-04-14T16:12:41.903356,25.9,83.5,13.113567352294922,15.698810577392578,68.2,388,"{'bytes_sent': 122267243, 'bytes_recv': 7665248, 'packets_sent': 62485, 'packets_recv': 33873, 'errin': 0, 'errout': 0, 'dropin': 0, 'dropout': 0}","(2.51, 0.85, 0.31)"
2026-04-14T16:12:43.025985,11.6,83.8,13.153148651123047,15.698810577392578,68.2,394,"{'bytes_sent': 122267353, 'bytes_recv': 7665376, 'packets_sent': 62486, 'packets_recv': 33875, 'errin': 0, 'errout': 0, 'dropin': 0, 'dropout': 0}","(2.51, 0.85, 0.31)"
2026-04-14T16:12:44.155105,21.8,83.7,13.141895294189453,15.698810577392578,68.2,394,"{'bytes_sent': 122267463, 'bytes_recv': 7665418, 'packets_sent': 62487, 'packets_recv': 33876, 'errin': 0, 'errout': 0, 'dropin': 0, 'dropout': 0}","(2.39, 0.85, 0.32)"
2026-04-14T16:12:45.388450,22.1,83.6,13.118682861328125,15.698810577392578,68.2,388,"{'bytes_sent': 122267573, 'bytes_recv': 7665638, 'packets_sent': 62488, 'packets_recv': 33880, 'errin': 0, 'errout': 0, 'dropin': 0, 'dropout': 0}","(2.39, 0.85, 0.32)"
2026-04-14T16:12:46.557172,14.6,83.6,13.117568969726562,15.698810577392578,68.2,388,"{'bytes_sent': 122267738, 'bytes_recv': 7665746, 'packets_sent': 62490, 'packets_recv': 33882, 'errin': 0, 'errout': 0, 'dropin': 0, 'dropout': 0}","(2.39, 0.85, 0.32)"
2026-04-14T16:12:47.686209,18.8,83.6,13.120243072509766,15.698810577392578,68.2,388,"{'bytes_sent': 122267793, 'bytes_recv': 7665900, 'packets_sent': 62491, 'packets_recv': 33885, 'errin': 0, 'errout': 0, 'dropin': 0, 'dropout': 0}","(2.39, 0.85, 0.32)"
2026-04-14T16:12:48.835680,20.3,83.6,13.116626739501953,15.698810577392578,68.2,388,"{'bytes_sent': 122267848, 'bytes_recv': 7666008, 'packets_sent': 62492, 'packets_recv': 33887, 'errin': 0, 'errout': 0, 'dropin': 0, 'dropout': 0}","(2.2, 0.83, 0.32)"
2026-04-14T16:12:49.991072,15.3,83.5,13.10519027709961,15.698810577392578,68.2,388,"{'bytes_sent': 122267848, 'bytes_recv': 7666050, 'packets_sent': 62492, 'packets_recv': 33888, 'errin': 0, 'errout': 0, 'dropin': 0, 'dropout': 0}","(2.2, 0.83, 0.32)"
2026-04-14T16:12:51.129191,39.6,83.0,13.033805847167969,15.698810577392578,68.2,388,"{'bytes_sent': 122267976, 'bytes_recv': 7671854, 'packets_sent': 62494, 'packets_recv': 33911, 'errin': 0, 'errout': 0, 'dropin': 0, 'dropout': 0}","(2.2, 0.83, 0.32)"
2026-04-14T16:12:52.336386,71.4,83.9,13.175777435302734,15.698810577392578,68.2,420,"{'bytes_sent': 122268062, 'bytes_recv': 7671942, 'packets_sent': 62495, 'packets_recv': 33913, 'errin': 0, 'errout': 0, 'dropin': 0, 'dropout': 0}","(2.2, 0.83, 0.32)"
2026-04-14T16:12:53.487096,12.6,83.0,13.026409149169922,15.698810577392578,68.2,395,"{'bytes_sent': 122268148, 'bytes_recv': 7671984, 'packets_sent': 62496, 'packets_recv': 33914, 'errin': 0, 'errout': 0, 'dropin': 0, 'dropout': 0}","(2.02, 0.82, 0.31)"
2026-04-14T16:12:54.618773,18.9,83.0,13.026973724365234,15.698810577392578,68.2,395,"{'bytes_sent': 122268148, 'bytes_recv': 7672112, 'packets_sent': 62496, 'packets_recv': 33916, 'errin': 0, 'errout': 0, 'dropin': 0, 'dropout': 0}","(2.02, 0.82, 0.31)"
2026-04-14T16:12:55.765118,14.7,82.7,12.989437103271484,15.698810577392578,68.2,389,"{'bytes_sent': 122268148, 'bytes_recv': 7672242, 'packets_sent': 62496, 'packets_recv': 33919, 'errin': 0, 'errout': 0, 'dropin': 0, 'dropout': 0}","(2.02, 0.82, 0.31)"
2026-04-14T16:12:56.925873,11.4,82.7,12.987422943115234,15.698810577392578,68.2,389,"{'bytes_sent': 122268148, 'bytes_recv': 7672706, 'packets_sent': 62496, 'packets_recv': 33922, 'errin': 0, 'errout': 0, 'dropin': 0, 'dropout': 0}","(2.02, 0.82, 0.31)"
2026-04-14T16:12:58.055433,23.1,82.7,12.986549377441406,15.698810577392578,68.2,389,"{'bytes_sent': 122275187, 'bytes_recv': 7679620, 'packets_sent': 62510, 'packets_recv': 33938, 'errin': 0, 'errout': 0, 'dropin': 0, 'dropout': 0}","(2.02, 0.82, 0.31)"
2026-04-14T16:12:59.195518,25.6,82.8,12.999275207519531,15.698810577392578,68.2,389,"{'bytes_sent': 122275187, 'bytes_recv': 7679873, 'packets_sent': 62510, 'packets_recv': 33940, 'errin': 0, 'errout': 0, 'dropin': 0, 'dropout': 0}","(1.86, 0.81, 0.31)"
2026-04-14T16:13:00.338929,100.0,82.8,12.999374389648438,15.698810577392578,68.2,389,"{'bytes_sent': 122275187, 'bytes_recv': 7679915, 'packets_sent': 62510, 'packets_recv': 33941, 'errin': 0, 'errout': 0, 'dropin': 0, 'dropout': 0}","(1.86, 0.81, 0.31)"
2026-04-14T16:13:01.470668,32.6,83.0,13.034629821777344,15.698810577392578,68.2,389,"{'bytes_sent': 122275187, 'bytes_recv': 7679957, 'packets_sent': 62510, 'packets_recv': 33942, 'errin': 0, 'errout': 0, 'dropin': 0, 'dropout': 0}","(1.86, 0.81, 0.31)"
2026-04-14T16:13:02.647789,97.3,84.1,13.202606201171875,15.698810577392578,68.2,395,"{'bytes_sent': 122275187, 'bytes_recv': 7679999, 'packets_sent': 62510, 'packets_recv': 33943, 'errin': 0, 'errout': 0, 'dropin': 0, 'dropout': 0}","(1.86, 0.81, 0.31)"
2026-04-14T16:13:03.820687,26.7,83.7,13.140003204345703,15.698810577392578,68.2,395,"{'bytes_sent': 122275242, 'bytes_recv': 7680107, 'packets_sent': 62511, 'packets_recv': 33945, 'errin': 0, 'errout': 0, 'dropin': 0, 'dropout': 0}","(1.71, 0.79, 0.31)"
2026-04-14T16:13:04.976996,28.0,84.7,13.29534912109375,15.698810577392578,68.2,395,"{'bytes_sent': 122275242, 'bytes_recv': 7680149, 'packets_sent': 62511, 'packets_recv': 33946, 'errin': 0, 'errout': 0, 'dropin': 0, 'dropout': 0}","(1.71, 0.79, 0.31)"
2026-04-14T16:13:06.133060,50.6,84.8,13.309833526611328,15.698810577392578,68.2,389,"{'bytes_sent': 122275242, 'bytes_recv': 7685733, 'packets_sent': 62511, 'packets_recv': 33965, 'errin': 0, 'errout': 0, 'dropin': 0, 'dropout': 0}","(1.71, 0.79, 0.31)"
2026-04-14T16:13:07.317792,27.1,85.1,13.362537384033203,15.698810577392578,68.2,389,"{'bytes_sent': 122275242, 'bytes_recv': 7686018, 'packets_sent': 62511, 'packets_recv': 33967, 'errin': 0, 'errout': 0, 'dropin': 0, 'dropout': 0}","(1.71, 0.79, 0.31)"
2026-04-14T16:13:08.495128,26.9,85.1,13.366069793701172,15.698810577392578,68.2,389,"{'bytes_sent': 122275242, 'bytes_recv': 7686102, 'packets_sent': 62511, 'packets_recv': 33969, 'errin': 0, 'errout': 0, 'dropin': 0, 'dropout': 0}","(2.06, 0.88, 0.34)"
2026-04-14T16:13:09.676537,41.1,85.4,13.404735565185547,15.698810577392578,68.2,389,"{'bytes_sent': 122275242, 'bytes_recv': 7686144, 'packets_sent': 62511, 'packets_recv': 33970, 'errin': 0, 'errout': 0, 'dropin': 0, 'dropout': 0}","(2.06, 0.88, 0.34)"
2026-04-14T16:13:10.868584,31.6,86.0,13.49770736694336,15.698810577392578,68.2,390,"{'bytes_sent': 122275242, 'bytes_recv': 7686186, 'packets_sent': 62511, 'packets_recv': 33971, 'errin': 0, 'errout': 0, 'dropin': 0, 'dropout': 0}","(2.06, 0.88, 0.34)"
2026-04-14T16:13:12.003605,19.8,86.0,13.493682861328125,15.698810577392578,68.2,390,"{'bytes_sent': 122275242, 'bytes_recv': 7686228, 'packets_sent': 62511, 'packets_recv': 33972, 'errin': 0, 'errout': 0, 'dropin': 0, 'dropout': 0}","(2.06, 0.88, 0.34)"
2026-04-14T16:13:13.138894,65.5,86.5,13.58182144165039,15.698810577392578,68.2,398,"{'bytes_sent': 122287741, 'bytes_recv': 7697588, 'packets_sent': 62535, 'packets_recv': 34000, 'errin': 0, 'errout': 0, 'dropin': 0, 'dropout': 0}","(2.06, 0.88, 0.34)"
2026-04-14T16:13:14.287238,56.0,87.0,13.6505126953125,15.698810577392578,68.2,398,"{'bytes_sent': 122322208, 'bytes_recv': 7819520, 'packets_sent': 62613, 'packets_recv': 34122, 'errin': 0, 'errout': 0, 'dropin': 0, 'dropout': 0}","(3.01, 1.1, 0.42)"
2026-04-14T16:13:15.522326,90.5,89.8,14.093502044677734,15.698810577392578,68.2,393,"{'bytes_sent': 122359005, 'bytes_recv': 7850132, 'packets_sent': 62700, 'packets_recv': 34216, 'errin': 0, 'errout': 0, 'dropin': 0, 'dropout': 0}","(3.01, 1.1, 0.42)"
2026-04-14T16:13:16.680999,60.2,90.3,14.182369232177734,15.698810577392578,68.2,393,"{'bytes_sent': 122372168, 'bytes_recv': 7976522, 'packets_sent': 62784, 'packets_recv': 34367, 'errin': 0, 'errout': 0, 'dropin': 0, 'dropout': 0}","(3.01, 1.1, 0.42)"
2026-04-14T16:13:17.839474,32.0,87.3,13.697696685791016,15.698810577392578,68.2,393,"{'bytes_sent': 122383515, 'bytes_recv': 8010590, 'packets_sent': 62829, 'packets_recv': 34423, 'errin': 0, 'errout': 0, 'dropin': 0, 'dropout': 0}","(3.01, 1.1, 0.42)"
2026-04-14T16:13:19.319391,23.4,86.0,13.500713348388672,15.698810577392578,68.2,393,"{'bytes_sent': 122385264, 'bytes_recv': 8011268, 'packets_sent': 62837, 'packets_recv': 34432, 'errin': 0, 'errout': 0, 'dropin': 0, 'dropout': 0}","(3.81, 1.29, 0.49)"
2026-04-14T16:13:21.241296,32.1,86.4,13.558467864990234,15.698810577392578,68.2,393,"{'bytes_sent': 122393033, 'bytes_recv': 8024720, 'packets_sent': 62868, 'packets_recv': 34498, 'errin': 0, 'errout': 0, 'dropin': 0, 'dropout': 0}","(3.81, 1.29, 0.49)"
2026-04-14T16:13:22.658058,84.5,85.9,13.478717803955078,15.698810577392578,68.2,398,"{'bytes_sent': 122396493, 'bytes_recv': 8026056, 'packets_sent': 62880, 'packets_recv': 34509, 'errin': 0, 'errout': 0, 'dropin': 0, 'dropout': 0}","(3.81, 1.29, 0.49)"
2026-04-14T16:13:23.852541,17.6,85.6,13.441421508789062,15.698810577392578,68.2,397,"{'bytes_sent': 122397801, 'bytes_recv': 8026889, 'packets_sent': 62885, 'packets_recv': 34518, 'errin': 0, 'errout': 0, 'dropin': 0, 'dropout': 0}","(5.5, 1.68, 0.62)"
2026-04-14T16:13:25.414413,30.6,85.2,13.376312255859375,15.698810577392578,68.2,393,"{'bytes_sent': 122397855, 'bytes_recv': 8027299, 'packets_sent': 62886, 'packets_recv': 34521, 'errin': 0, 'errout': 0, 'dropin': 0, 'dropout': 0}","(5.5, 1.68, 0.62)"
2026-04-14T16:13:26.615429,20.3,85.1,13.3543701171875,15.698810577392578,68.2,393,"{'bytes_sent': 122397897, 'bytes_recv': 8027383, 'packets_sent': 62887, 'packets_recv': 34523, 'errin': 0, 'errout': 0, 'dropin': 0, 'dropout': 0}","(5.5, 1.68, 0.62)"
2026-04-14T16:13:27.913867,28.6,85.1,13.358844757080078,15.698810577392578,68.2,393,"{'bytes_sent': 122418301, 'bytes_recv': 8045920, 'packets_sent': 62920, 'packets_recv': 34561, 'errin': 0, 'errout': 0, 'dropin': 0, 'dropout': 0}","(5.5, 1.68, 0.62)"
2026-04-14T16:13:29.061194,21.9,85.5,13.419994354248047,15.698810577392578,68.2,393,"{'bytes_sent': 122578173, 'bytes_recv': 8050216, 'packets_sent': 63052, 'packets_recv': 34589, 'errin': 0, 'errout': 0, 'dropin': 0, 'dropout': 0}","(6.66, 1.99, 0.73)"
2026-04-14T16:13:30.485709,21.7,85.7,13.45965576171875,15.698810577392578,68.2,393,"{'bytes_sent': 122582597, 'bytes_recv': 8050572, 'packets_sent': 63054, 'packets_recv': 34595, 'errin': 0, 'errout': 0, 'dropin': 0, 'dropout': 0}","(6.66, 1.99, 0.73)"
2026-04-14T16:13:31.947394,20.2,85.9,13.481586456298828,15.698810577392578,68.2,393,"{'bytes_sent': 122583371, 'bytes_recv': 8051418, 'packets_sent': 63062, 'packets_recv': 34604, 'errin': 0, 'errout': 0, 'dropin': 0, 'dropout': 0}","(6.66, 1.99, 0.73)"
2026-04-14T16:13:33.102922,48.0,86.6,13.59121322631836,15.698810577392578,68.2,399,"{'bytes_sent': 122584455, 'bytes_recv': 8051619, 'packets_sent': 63065, 'packets_recv': 34607, 'errin': 0, 'errout': 0, 'dropin': 0, 'dropout': 0}","(6.66, 1.99, 0.73)"
2026-04-14T16:13:34.240709,41.4,87.2,13.690399169921875,15.698810577392578,68.2,399,"{'bytes_sent': 122584925, 'bytes_recv': 8052425, 'packets_sent': 63072, 'packets_recv': 34618, 'errin': 0, 'errout': 0, 'dropin': 0, 'dropout': 0}","(6.21, 1.97, 0.73)"
2026-04-14T16:13:35.376797,21.7,87.5,13.741390228271484,15.698810577392578,68.2,397,"{'bytes_sent': 122585596, 'bytes_recv': 8058708, 'packets_sent': 63079, 'packets_recv': 34646, 'errin': 0, 'errout': 0, 'dropin': 0, 'dropout': 0}","(6.21, 1.97, 0.73)"
2026-04-14T16:13:36.527902,43.7,87.7,13.774673461914062,15.698810577392578,68.2,393,"{'bytes_sent': 122586169, 'bytes_recv': 8059977, 'packets_sent': 63087, 'packets_recv': 34659, 'errin': 0, 'errout': 0, 'dropin': 0, 'dropout': 0}","(6.21, 1.97, 0.73)"
2026-04-14T16:13:37.745750,21.4,88.0,13.813827514648438,15.698810577392578,68.2,393,"{'bytes_sent': 122586421, 'bytes_recv': 8060151, 'packets_sent': 63090, 'packets_recv': 34662, 'errin': 0, 'errout': 0, 'dropin': 0, 'dropout': 0}","(6.21, 1.97, 0.73)"
2026-04-14T16:13:38.898343,19.0,88.1,13.824222564697266,15.698810577392578,68.2,393,"{'bytes_sent': 122586492, 'bytes_recv': 8060259, 'packets_sent': 63091, 'packets_recv': 34664, 'errin': 0, 'errout': 0, 'dropin': 0, 'dropout': 0}","(5.79, 1.96, 0.73)"
2026-04-14T16:13:40.073260,21.0,88.1,13.832405090332031,15.698810577392578,68.2,393,"{'bytes_sent': 122587979, 'bytes_recv': 8060768, 'packets_sent': 63096, 'packets_recv': 34670, 'errin': 0, 'errout': 0, 'dropin': 0, 'dropout': 0}","(5.79, 1.96, 0.73)"
2026-04-14T16:13:41.215443,23.8,88.3,13.86037826538086,15.698810577392578,68.2,393,"{'bytes_sent': 122588089, 'bytes_recv': 8060810, 'packets_sent': 63097, 'packets_recv': 34671, 'errin': 0, 'errout': 0, 'dropin': 0, 'dropout': 0}","(5.79, 1.96, 0.73)"
2026-04-14T16:13:42.355729,37.4,88.5,13.88570785522461,15.698810577392578,68.2,406,"{'bytes_sent': 122588089, 'bytes_recv': 8060894, 'packets_sent': 63097, 'packets_recv': 34673, 'errin': 0, 'errout': 0, 'dropin': 0, 'dropout': 0}","(5.79, 1.96, 0.73)"
2026-04-14T16:13:43.477756,35.7,88.6,13.910297393798828,15.698810577392578,68.2,400,"{'bytes_sent': 122592577, 'bytes_recv': 8064940, 'packets_sent': 63107, 'packets_recv': 34688, 'errin': 0, 'errout': 0, 'dropin': 0, 'dropout': 0}","(5.79, 1.96, 0.73)"
2026-04-14T16:13:44.729469,24.1,87.0,13.650691986083984,15.698810577392578,68.2,393,"{'bytes_sent': 122593079, 'bytes_recv': 8067032, 'packets_sent': 63114, 'packets_recv': 34698, 'errin': 0, 'errout': 0, 'dropin': 0, 'dropout': 0}","(5.65, 1.99, 0.75)"
2026-04-14T16:13:47.106336,22.5,87.0,13.664897918701172,15.698810577392578,68.2,393,"{'bytes_sent': 122595142, 'bytes_recv': 8067963, 'packets_sent': 63125, 'packets_recv': 34709, 'errin': 0, 'errout': 0, 'dropin': 0, 'dropout': 0}","(5.65, 1.99, 0.75)"
2026-04-14T16:13:48.328018,29.3,86.1,13.522300720214844,15.698810577392578,68.2,393,"{'bytes_sent': 122782637, 'bytes_recv': 8071758, 'packets_sent': 63281, 'packets_recv': 34747, 'errin': 0, 'errout': 0, 'dropin': 0, 'dropout': 0}","(5.65, 1.99, 0.75)"
2026-04-14T16:13:49.478255,19.0,86.2,13.533775329589844,15.698810577392578,68.2,393,"{'bytes_sent': 122789190, 'bytes_recv': 8073234, 'packets_sent': 63292, 'packets_recv': 34763, 'errin': 0, 'errout': 0, 'dropin': 0, 'dropout': 0}","(5.6, 2.04, 0.78)"
2026-04-14T16:13:50.630822,29.5,86.3,13.541664123535156,15.698810577392578,68.2,393,"{'bytes_sent': 122789190, 'bytes_recv': 8079655, 'packets_sent': 63292, 'packets_recv': 34788, 'errin': 0, 'errout': 0, 'dropin': 0, 'dropout': 0}","(5.6, 2.04, 0.78)"
2026-04-14T16:13:51.827049,26.5,86.5,13.575672149658203,15.698810577392578,68.2,393,"{'bytes_sent': 122789190, 'bytes_recv': 8081227, 'packets_sent': 63292, 'packets_recv': 34794, 'errin': 0, 'errout': 0, 'dropin': 0, 'dropout': 0}","(5.6, 2.04, 0.78)"
2026-04-14T16:13:52.970759,69.9,87.0,13.659427642822266,15.698810577392578,68.2,399,"{'bytes_sent': 122789261, 'bytes_recv': 8082367, 'packets_sent': 63293, 'packets_recv': 34798, 'errin': 0, 'errout': 0, 'dropin': 0, 'dropout': 0}","(5.6, 2.04, 0.78)"
2026-04-14T16:13:54.104888,25.3,86.9,13.644268035888672,15.698810577392578,68.2,399,"{'bytes_sent': 122789412, 'bytes_recv': 8082574, 'packets_sent': 63294, 'packets_recv': 34800, 'errin': 0, 'errout': 0, 'dropin': 0, 'dropout': 0}","(5.47, 2.07, 0.79)"
2026-04-14T16:13:55.292681,17.9,86.9,13.64908218383789,15.698810577392578,68.2,397,"{'bytes_sent': 122789412, 'bytes_recv': 8083608, 'packets_sent': 63294, 'packets_recv': 34803, 'errin': 0, 'errout': 0, 'dropin': 0, 'dropout': 0}","(5.47, 2.07, 0.79)"
2026-04-14T16:13:56.426241,30.5,87.2,13.691577911376953,15.698810577392578,68.2,392,"{'bytes_sent': 122789412, 'bytes_recv': 8083608, 'packets_sent': 63294, 'packets_recv': 34803, 'errin': 0, 'errout': 0, 'dropin': 0, 'dropout': 0}","(5.47, 2.07, 0.79)"
2026-04-14T16:13:57.555966,24.7,87.1,13.669185638427734,15.698810577392578,68.2,392,"{'bytes_sent': 122798035, 'bytes_recv': 8092315, 'packets_sent': 63312, 'packets_recv': 34823, 'errin': 0, 'errout': 0, 'dropin': 0, 'dropout': 0}","(5.47, 2.07, 0.79)"
2026-04-14T16:13:58.681227,19.1,87.1,13.676986694335938,15.698810577392578,68.2,392,"{'bytes_sent': 122798090, 'bytes_recv': 8093369, 'packets_sent': 63313, 'packets_recv': 34826, 'errin': 0, 'errout': 0, 'dropin': 0, 'dropout': 0}","(5.47, 2.07, 0.79)"
2026-04-14T16:13:59.822821,22.2,87.2,13.685955047607422,15.698810577392578,68.2,393,"{'bytes_sent': 122798511, 'bytes_recv': 8093977, 'packets_sent': 63317, 'packets_recv': 34832, 'errin': 0, 'errout': 0, 'dropin': 0, 'dropout': 0}","(5.51, 2.14, 0.82)"
2026-04-14T16:14:01.009646,17.1,87.3,13.699275970458984,15.698810577392578,68.2,393,"{'bytes_sent': 122801196, 'bytes_recv': 8104423, 'packets_sent': 63330, 'packets_recv': 34850, 'errin': 0, 'errout': 0, 'dropin': 0, 'dropout': 0}","(5.51, 2.14, 0.82)"
2026-04-14T16:14:02.754548,100.0,88.9,13.962890625,15.698810577392578,68.2,416,"{'bytes_sent': 122801800, 'bytes_recv': 8104937, 'packets_sent': 63336, 'packets_recv': 34856, 'errin': 0, 'errout': 0, 'dropin': 0, 'dropout': 0}","(5.51, 2.14, 0.82)"
2026-04-14T16:14:03.899174,20.4,87.5,13.73184585571289,15.698810577392578,68.2,399,"{'bytes_sent': 122804825, 'bytes_recv': 8106951, 'packets_sent': 63356, 'packets_recv': 34878, 'errin': 0, 'errout': 0, 'dropin': 0, 'dropout': 0}","(5.55, 2.2, 0.85)"
2026-04-14T16:14:05.163925,17.8,87.4,13.715892791748047,15.698810577392578,68.2,397,"{'bytes_sent': 122862630, 'bytes_recv': 8112695, 'packets_sent': 63416, 'packets_recv': 34907, 'errin': 0, 'errout': 0, 'dropin': 0, 'dropout': 0}","(5.55, 2.2, 0.85)"
2026-04-14T16:14:06.334261,19.7,87.1,13.66958236694336,15.698810577392578,68.2,393,"{'bytes_sent': 122867936, 'bytes_recv': 8121326, 'packets_sent': 63434, 'packets_recv': 34945, 'errin': 0, 'errout': 0, 'dropin': 0, 'dropout': 0}","(5.55, 2.2, 0.85)"
2026-04-14T16:14:07.484464,30.1,87.2,13.694747924804688,15.698810577392578,68.2,393,"{'bytes_sent': 122868221, 'bytes_recv': 8122626, 'packets_sent': 63437, 'packets_recv': 34951, 'errin': 0, 'errout': 0, 'dropin': 0, 'dropout': 0}","(5.55, 2.2, 0.85)"
2026-04-14T16:14:08.628800,29.4,86.7,13.613746643066406,15.698810577392578,68.2,393,"{'bytes_sent': 122871541, 'bytes_recv': 8132460, 'packets_sent': 63449, 'packets_recv': 34965, 'errin': 0, 'errout': 0, 'dropin': 0, 'dropout': 0}","(5.55, 2.2, 0.85)"
2026-04-14T16:14:10.040975,22.2,87.2,13.684288024902344,15.698810577392578,68.2,393,"{'bytes_sent': 122871650, 'bytes_recv': 8132916, 'packets_sent': 63451, 'packets_recv': 34970, 'errin': 0, 'errout': 0, 'dropin': 0, 'dropout': 0}","(5.91, 2.33, 0.9)"
2026-04-14T16:14:12.136680,37.4,87.7,13.761432647705078,15.698810577392578,68.2,393,"{'bytes_sent': 122871792, 'bytes_recv': 8133048, 'packets_sent': 63453, 'packets_recv': 34972, 'errin': 0, 'errout': 0, 'dropin': 0, 'dropout': 0}","(5.91, 2.33, 0.9)"
2026-04-14T16:14:13.417132,36.3,87.8,13.786354064941406,15.698810577392578,68.2,399,"{'bytes_sent': 122871792, 'bytes_recv': 8133242, 'packets_sent': 63453, 'packets_recv': 34974, 'errin': 0, 'errout': 0, 'dropin': 0, 'dropout': 0}","(5.91, 2.33, 0.9)"
2026-04-14T16:14:14.714308,29.8,87.8,13.777801513671875,15.698810577392578,68.2,397,"{'bytes_sent': 122871792, 'bytes_recv': 8133242, 'packets_sent': 63453, 'packets_recv': 34974, 'errin': 0, 'errout': 0, 'dropin': 0, 'dropout': 0}","(6.15, 2.44, 0.95)"
2026-04-14T16:14:15.913772,45.4,88.0,13.814254760742188,15.698810577392578,68.2,394,"{'bytes_sent': 122873730, 'bytes_recv': 8200522, 'packets_sent': 63474, 'packets_recv': 35039, 'errin': 0, 'errout': 0, 'dropin': 0, 'dropout': 0}","(6.15, 2.44, 0.95)"
2026-04-14T16:14:17.130966,34.6,88.1,13.83734130859375,15.698810577392578,68.2,394,"{'bytes_sent': 122874082, 'bytes_recv': 8200979, 'packets_sent': 63478, 'packets_recv': 35043, 'errin': 0, 'errout': 0, 'dropin': 0, 'dropout': 0}","(6.15, 2.44, 0.95)"
2026-04-14T16:14:18.554699,24.6,88.3,13.85992431640625,15.698810577392578,68.2,394,"{'bytes_sent': 122874328, 'bytes_recv': 8201706, 'packets_sent': 63481, 'packets_recv': 35047, 'errin': 0, 'errout': 0, 'dropin': 0, 'dropout': 0}","(6.15, 2.44, 0.95)"
2026-04-14T16:14:20.386509,25.4,88.4,13.870353698730469,15.698810577392578,68.2,395,"{'bytes_sent': 122876328, 'bytes_recv': 8209573, 'packets_sent': 63495, 'packets_recv': 35084, 'errin': 0, 'errout': 0, 'dropin': 0, 'dropout': 0}","(7.26, 2.73, 1.05)"
2026-04-14T16:14:22.214871,93.1,88.8,13.940887451171875,15.698810577392578,68.2,424,"{'bytes_sent': 123003614, 'bytes_recv': 8222860, 'packets_sent': 63616, 'packets_recv': 35132, 'errin': 0, 'errout': 0, 'dropin': 0, 'dropout': 0}","(7.26, 2.73, 1.05)"
2026-04-14T16:14:23.877855,23.5,87.7,13.760093688964844,15.698810577392578,68.2,401,"{'bytes_sent': 123012739, 'bytes_recv': 8225749, 'packets_sent': 63633, 'packets_recv': 35151, 'errin': 0, 'errout': 0, 'dropin': 0, 'dropout': 0}","(7.26, 2.73, 1.05)"
2026-04-14T16:14:25.037263,33.0,87.0,13.6595458984375,15.698810577392578,68.2,401,"{'bytes_sent': 123013530, 'bytes_recv': 8227864, 'packets_sent': 63643, 'packets_recv': 35163, 'errin': 0, 'errout': 0, 'dropin': 0, 'dropout': 0}","(6.84, 2.72, 1.06)"
2026-04-14T16:14:26.301247,22.1,86.8,13.626941680908203,15.698810577392578,68.2,395,"{'bytes_sent': 123013956, 'bytes_recv': 8228260, 'packets_sent': 63649, 'packets_recv': 35169, 'errin': 0, 'errout': 0, 'dropin': 0, 'dropout': 0}","(6.84, 2.72, 1.06)"
2026-04-14T16:14:27.815434,25.3,86.6,13.594051361083984,15.698810577392578,68.2,395,"{'bytes_sent': 123031395, 'bytes_recv': 8240819, 'packets_sent': 63677, 'packets_recv': 35191, 'errin': 0, 'errout': 0, 'dropin': 0, 'dropout': 0}","(6.84, 2.72, 1.06)"
2026-04-14T16:14:29.688224,19.2,87.4,13.713966369628906,15.698810577392578,68.2,395,"{'bytes_sent': 123031825, 'bytes_recv': 8241836, 'packets_sent': 63684, 'packets_recv': 35202, 'errin': 0, 'errout': 0, 'dropin': 0, 'dropout': 0}","(8.61, 3.15, 1.21)"
2026-04-14T16:14:31.708508,25.7,86.8,13.63259506225586,15.698810577392578,68.2,396,"{'bytes_sent': 123031825, 'bytes_recv': 8241836, 'packets_sent': 63684, 'packets_recv': 35202, 'errin': 0, 'errout': 0, 'dropin': 0, 'dropout': 0}","(8.61, 3.15, 1.21)"
2026-04-14T16:14:33.204135,72.4,87.3,13.708770751953125,15.698810577392578,68.2,402,"{'bytes_sent': 123036168, 'bytes_recv': 8245619, 'packets_sent': 63692, 'packets_recv': 35213, 'errin': 0, 'errout': 0, 'dropin': 0, 'dropout': 0}","(8.61, 3.15, 1.21)"
2026-04-14T16:14:34.356062,13.8,87.3,13.709278106689453,15.698810577392578,68.2,402,"{'bytes_sent': 123039938, 'bytes_recv': 8248931, 'packets_sent': 63710, 'packets_recv': 35231, 'errin': 0, 'errout': 0, 'dropin': 0, 'dropout': 0}","(8.61, 3.15, 1.21)"
2026-04-14T16:14:35.504169,28.2,87.6,13.755382537841797,15.698810577392578,68.2,400,"{'bytes_sent': 123040705, 'bytes_recv': 8256817, 'packets_sent': 63718, 'packets_recv': 35257, 'errin': 0, 'errout': 0, 'dropin': 0, 'dropout': 0}","(8.32, 3.18, 1.23)"
2026-04-14T16:14:36.674655,24.4,87.6,13.747428894042969,15.698810577392578,68.2,397,"{'bytes_sent': 123125262, 'bytes_recv': 8266542, 'packets_sent': 63806, 'packets_recv': 35289, 'errin': 0, 'errout': 0, 'dropin': 0, 'dropout': 0}","(8.32, 3.18, 1.23)"
2026-04-14T16:14:37.944538,24.7,87.6,13.744701385498047,15.698810577392578,68.2,397,"{'bytes_sent': 123129701, 'bytes_recv': 8267887, 'packets_sent': 63815, 'packets_recv': 35300, 'errin': 0, 'errout': 0, 'dropin': 0, 'dropout': 0}","(8.32, 3.18, 1.23)"
2026-04-14T16:14:39.082716,10.0,87.6,13.750442504882812,15.698810577392578,68.2,397,"{'bytes_sent': 123130517, 'bytes_recv': 8268855, 'packets_sent': 63822, 'packets_recv': 35309, 'errin': 0, 'errout': 0, 'dropin': 0, 'dropout': 0}","(8.32, 3.18, 1.23)"
2026-04-14T16:14:40.224879,16.9,87.6,13.746356964111328,15.698810577392578,68.2,397,"{'bytes_sent': 123130517, 'bytes_recv': 8268855, 'packets_sent': 63822, 'packets_recv': 35309, 'errin': 0, 'errout': 0, 'dropin': 0, 'dropout': 0}","(7.74, 3.15, 1.23)"
2026-04-14T16:14:41.364167,11.8,86.2,13.531661987304688,15.698810577392578,68.2,397,"{'bytes_sent': 123130698, 'bytes_recv': 8268921, 'packets_sent': 63824, 'packets_recv': 35310, 'errin': 0, 'errout': 0, 'dropin': 0, 'dropout': 0}","(7.74, 3.15, 1.23)"
2026-04-14T16:14:42.503000,27.2,86.6,13.595172882080078,15.698810577392578,68.2,433,"{'bytes_sent': 123130808, 'bytes_recv': 8268921, 'packets_sent': 63825, 'packets_recv': 35310, 'errin': 0, 'errout': 0, 'dropin': 0, 'dropout': 0}","(7.74, 3.15, 1.23)"
2026-04-14T16:14:43.645120,12.9,86.2,13.52618408203125,15.698810577392578,68.2,403,"{'bytes_sent': 123130973, 'bytes_recv': 8269073, 'packets_sent': 63827, 'packets_recv': 35312, 'errin': 0, 'errout': 0, 'dropin': 0, 'dropout': 0}","(7.74, 3.15, 1.23)"
2026-04-14T16:14:44.781312,12.9,86.1,13.51498794555664,15.698810577392578,68.2,401,"{'bytes_sent': 123130973, 'bytes_recv': 8269073, 'packets_sent': 63827, 'packets_recv': 35312, 'errin': 0, 'errout': 0, 'dropin': 0, 'dropout': 0}","(7.12, 3.09, 1.23)"
2026-04-14T16:14:45.926641,22.6,85.7,13.457504272460938,15.698810577392578,68.2,397,"{'bytes_sent': 123131138, 'bytes_recv': 8269139, 'packets_sent': 63829, 'packets_recv': 35313, 'errin': 0, 'errout': 0, 'dropin': 0, 'dropout': 0}","(7.12, 3.09, 1.23)"
2026-04-14T16:14:47.064176,15.8,85.7,13.446949005126953,15.698810577392578,68.2,397,"{'bytes_sent': 123131248, 'bytes_recv': 8269311, 'packets_sent': 63830, 'packets_recv': 35315, 'errin': 0, 'errout': 0, 'dropin': 0, 'dropout': 0}","(7.12, 3.09, 1.23)"
2026-04-14T16:14:48.200762,15.5,85.6,13.44472885131836,15.698810577392578,68.2,397,"{'bytes_sent': 123131374, 'bytes_recv': 8269443, 'packets_sent': 63832, 'packets_recv': 35317, 'errin': 0, 'errout': 0, 'dropin': 0, 'dropout': 0}","(7.12, 3.09, 1.23)"
2026-04-14T16:14:49.337342,12.9,85.6,13.445808410644531,15.698810577392578,68.2,397,"{'bytes_sent': 123131374, 'bytes_recv': 8269535, 'packets_sent': 63832, 'packets_recv': 35319, 'errin': 0, 'errout': 0, 'dropin': 0, 'dropout': 0}","(7.12, 3.09, 1.23)"
2026-04-14T16:14:50.473747,14.5,85.6,13.445228576660156,15.698810577392578,68.2,397,"{'bytes_sent': 123131374, 'bytes_recv': 8275077, 'packets_sent': 63832, 'packets_recv': 35337, 'errin': 0, 'errout': 0, 'dropin': 0, 'dropout': 0}","(6.55, 3.04, 1.22)"
2026-04-14T16:14:51.666259,19.0,85.7,13.454116821289062,15.698810577392578,68.2,397,"{'bytes_sent': 123131429, 'bytes_recv': 8275143, 'packets_sent': 63833, 'packets_recv': 35338, 'errin': 0, 'errout': 0, 'dropin': 0, 'dropout': 0}","(6.55, 3.04, 1.22)"
2026-04-14T16:14:53.126011,35.4,85.9,13.485355377197266,15.698810577392578,68.2,403,"{'bytes_sent': 123131621, 'bytes_recv': 8275197, 'packets_sent': 63835, 'packets_recv': 35339, 'errin': 0, 'errout': 0, 'dropin': 0, 'dropout': 0}","(6.55, 3.04, 1.22)"
2026-04-14T16:14:54.279136,12.0,85.8,13.466266632080078,15.698810577392578,68.2,403,"{'bytes_sent': 123132130, 'bytes_recv': 8275811, 'packets_sent': 63842, 'packets_recv': 35348, 'errin': 0, 'errout': 0, 'dropin': 0, 'dropout': 0}","(6.55, 3.04, 1.22)"
2026-04-14T16:14:55.582221,22.0,85.7,13.460186004638672,15.698810577392578,68.2,397,"{'bytes_sent': 123132485, 'bytes_recv': 8277129, 'packets_sent': 63847, 'packets_recv': 35355, 'errin': 0, 'errout': 0, 'dropin': 0, 'dropout': 0}","(6.27, 3.04, 1.23)"
2026-04-14T16:14:56.817145,21.1,85.7,13.45145034790039,15.698810577392578,68.2,397,"{'bytes_sent': 123132733, 'bytes_recv': 8278192, 'packets_sent': 63850, 'packets_recv': 35366, 'errin': 0, 'errout': 0, 'dropin': 0, 'dropout': 0}","(6.27, 3.04, 1.23)"
2026-04-14T16:14:58.346976,27.8,85.7,13.449073791503906,15.698810577392578,68.2,398,"{'bytes_sent': 123141910, 'bytes_recv': 8288778, 'packets_sent': 63873, 'packets_recv': 35392, 'errin': 0, 'errout': 0, 'dropin': 0, 'dropout': 0}","(6.27, 3.04, 1.23)"
2026-04-14T16:14:59.483275,17.5,85.7,13.447410583496094,15.698810577392578,68.2,398,"{'bytes_sent': 123141910, 'bytes_recv': 8288989, 'packets_sent': 63873, 'packets_recv': 35393, 'errin': 0, 'errout': 0, 'dropin': 0, 'dropout': 0}","(6.27, 3.04, 1.23)"
2026-04-14T16:15:00.613543,15.3,85.7,13.446712493896484,15.698810577392578,68.2,398,"{'bytes_sent': 123141910, 'bytes_recv': 8288989, 'packets_sent': 63873, 'packets_recv': 35393, 'errin': 0, 'errout': 0, 'dropin': 0, 'dropout': 0}","(5.77, 2.99, 1.22)"
2026-04-14T16:15:01.739925,33.8,85.6,13.435813903808594,15.698810577392578,68.2,398,"{'bytes_sent': 123141981, 'bytes_recv': 8289055, 'packets_sent': 63874, 'packets_recv': 35394, 'errin': 0, 'errout': 0, 'dropin': 0, 'dropout': 0}","(5.77, 2.99, 1.22)"
2026-04-14T16:15:02.881897,100.0,86.4,13.557559967041016,15.698810577392578,68.2,403,"{'bytes_sent': 123141981, 'bytes_recv': 8289055, 'packets_sent': 63874, 'packets_recv': 35394, 'errin': 0, 'errout': 0, 'dropin': 0, 'dropout': 0}","(5.77, 2.99, 1.22)"
2026-04-14T16:15:04.063408,28.7,85.9,13.477649688720703,15.698810577392578,68.2,404,"{'bytes_sent': 123146227, 'bytes_recv': 8292869, 'packets_sent': 63882, 'packets_recv': 35405, 'errin': 0, 'errout': 0, 'dropin': 0, 'dropout': 0}","(5.77, 2.99, 1.22)"
2026-04-14T16:15:05.345839,24.0,85.9,13.4876708984375,15.698810577392578,68.2,403,"{'bytes_sent': 123147958, 'bytes_recv': 8299737, 'packets_sent': 63898, 'packets_recv': 35439, 'errin': 0, 'errout': 0, 'dropin': 0, 'dropout': 0}","(5.54, 2.99, 1.23)"
2026-04-14T16:15:06.665966,7.6,85.6,13.431987762451172,15.698810577392578,68.2,397,"{'bytes_sent': 123148174, 'bytes_recv': 8301367, 'packets_sent': 63901, 'packets_recv': 35442, 'errin': 0, 'errout': 0, 'dropin': 0, 'dropout': 0}","(5.54, 2.99, 1.23)"
2026-04-14T16:15:07.800715,10.8,85.5,13.428516387939453,15.698810577392578,68.2,397,"{'bytes_sent': 123148245, 'bytes_recv': 8301433, 'packets_sent': 63902, 'packets_recv': 35443, 'errin': 0, 'errout': 0, 'dropin': 0, 'dropout': 0}","(5.54, 2.99, 1.23)"
2026-04-14T16:15:08.942563,11.3,85.5,13.429073333740234,15.698810577392578,68.2,396,"{'bytes_sent': 123148316, 'bytes_recv': 8301499, 'packets_sent': 63903, 'packets_recv': 35444, 'errin': 0, 'errout': 0, 'dropin': 0, 'dropout': 0}","(5.54, 2.99, 1.23)"
2026-04-14T16:15:10.289269,28.0,86.0,13.506092071533203,15.698810577392578,68.2,396,"{'bytes_sent': 123148387, 'bytes_recv': 8301565, 'packets_sent': 63904, 'packets_recv': 35445, 'errin': 0, 'errout': 0, 'dropin': 0, 'dropout': 0}","(6.94, 3.32, 1.35)"
2026-04-14T16:15:11.835771,13.1,86.1,13.524345397949219,15.698810577392578,68.2,396,"{'bytes_sent': 123148538, 'bytes_recv': 8301772, 'packets_sent': 63905, 'packets_recv': 35447, 'errin': 0, 'errout': 0, 'dropin': 0, 'dropout': 0}","(6.94, 3.32, 1.35)"
2026-04-14T16:15:12.976780,65.5,86.2,13.535396575927734,15.698810577392578,68.2,402,"{'bytes_sent': 123148538, 'bytes_recv': 8302468, 'packets_sent': 63905, 'packets_recv': 35451, 'errin': 0, 'errout': 0, 'dropin': 0, 'dropout': 0}","(6.94, 3.32, 1.35)"
2026-04-14T16:15:14.117454,64.8,80.0,12.561840057373047,15.698810577392578,68.2,386,"{'bytes_sent': 123149846, 'bytes_recv': 8303449, 'packets_sent': 63925, 'packets_recv': 35467, 'errin': 0, 'errout': 0, 'dropin': 0, 'dropout': 0}","(6.94, 3.32, 1.35)"
2026-04-14T16:15:15.312805,90.8,82.8,13.003902435302734,15.698810577392578,68.2,393,"{'bytes_sent': 123192430, 'bytes_recv': 8396226, 'packets_sent': 64033, 'packets_recv': 35611, 'errin': 0, 'errout': 0, 'dropin': 0, 'dropout': 0}","(7.82, 3.57, 1.44)"
2026-04-14T16:15:16.453158,22.9,83.0,13.026382446289062,15.698810577392578,68.2,387,"{'bytes_sent': 123229671, 'bytes_recv': 8531708, 'packets_sent': 64158, 'packets_recv': 35773, 'errin': 0, 'errout': 0, 'dropin': 0, 'dropout': 0}","(7.82, 3.57, 1.44)"
